[{
    "pk": 1,
    "model": "contenttypes.contenttype",
    "fields": {
        "model": "permission",
        "name": "permission",
        "app_label": "auth"
    }
}, {
    "pk": 2,
    "model": "contenttypes.contenttype",
    "fields": {
        "model": "group",
        "name": "group",
        "app_label": "auth"
    }
}, {
    "pk": 3,
    "model": "contenttypes.contenttype",
    "fields": {
        "model": "user",
        "name": "user",
        "app_label": "auth"
    }
}, {
    "pk": 4,
    "model": "contenttypes.contenttype",
    "fields": {
        "model": "contenttype",
        "name": "content type",
        "app_label": "contenttypes"
    }
}, {
    "pk": 5,
    "model": "contenttypes.contenttype",
    "fields": {
        "model": "session",
        "name": "session",
        "app_label": "sessions"
    }
}, {
    "pk": 6,
    "model": "contenttypes.contenttype",
    "fields": {
        "model": "site",
        "name": "site",
        "app_label": "sites"
    }
}, {
    "pk": 7,
    "model": "contenttypes.contenttype",
    "fields": {
        "model": "comment",
        "name": "comment",
        "app_label": "comments"
    }
}, {
    "pk": 8,
    "model": "contenttypes.contenttype",
    "fields": {
        "model": "commentflag",
        "name": "comment flag",
        "app_label": "comments"
    }
}, {
    "pk": 9,
    "model": "contenttypes.contenttype",
    "fields": {
        "model": "logentry",
        "name": "log entry",
        "app_label": "admin"
    }
}, {
    "pk": 10,
    "model": "contenttypes.contenttype",
    "fields": {
        "model": "migrationhistory",
        "name": "migration history",
        "app_label": "south"
    }
}, {
    "pk": 11,
    "model": "contenttypes.contenttype",
    "fields": {
        "model": "account",
        "name": "account",
        "app_label": "accounts"
    }
}, {
    "pk": 12,
    "model": "contenttypes.contenttype",
    "fields": {
        "model": "category",
        "name": "category",
        "app_label": "categories"
    }
}, {
    "pk": 13,
    "model": "contenttypes.contenttype",
    "fields": {
        "model": "game",
        "name": "game",
        "app_label": "games"
    }
}, {
    "pk": 14,
    "model": "contenttypes.contenttype",
    "fields": {
        "model": "guide",
        "name": "guide",
        "app_label": "guides"
    }
}, {
    "pk": 15,
    "model": "contenttypes.contenttype",
    "fields": {
        "model": "contributor",
        "name": "contributor",
        "app_label": "contributors"
    }
}, {
    "pk": "yxnidk0kmahudrxqo9f5apv94n645i04",
    "model": "sessions.session",
    "fields": {
        "expire_date": "2014-05-10T02:50:11.101Z",
        "session_data": "ZTU5NjY3ZGI0MWU4MzBkM2RlNjg0NDJkNDBkNTNmMDk5MjAxNDY2YTp7Il9hdXRoX3VzZXJfYmFja2VuZCI6ImRqYW5nby5jb250cmliLmF1dGguYmFja2VuZHMuTW9kZWxCYWNrZW5kIiwiX2F1dGhfdXNlcl9pZCI6MX0="
    }
}, {
    "pk": 1,
    "model": "sites.site",
    "fields": {
        "domain": "example.com",
        "name": "example.com"
    }
}, {
    "pk": 1,
    "model": "categories.category",
    "fields": {
        "rght": 20,
        "name": "Counter-Strike",
        "thumb": null,
        "parent": null,
        "level": 0,
        "lft": 1,
        "game": 2,
        "tree_id": 1
    }
}, {
    "pk": 2,
    "model": "categories.category",
    "fields": {
        "rght": 10,
        "name": "League of Legends",
        "thumb": null,
        "parent": null,
        "level": 0,
        "lft": 1,
        "game": 1,
        "tree_id": 2
    }
}, {
    "pk": 3,
    "model": "categories.category",
    "fields": {
        "rght": 9,
        "name": "Gun",
        "thumb": null,
        "parent": 1,
        "level": 1,
        "lft": 2,
        "game": null,
        "tree_id": 1
    }
}, {
    "pk": 4,
    "model": "categories.category",
    "fields": {
        "rght": 19,
        "name": "Map",
        "thumb": null,
        "parent": 1,
        "level": 1,
        "lft": 10,
        "game": null,
        "tree_id": 1
    }
}, {
    "pk": 5,
    "model": "categories.category",
    "fields": {
        "rght": 4,
        "name": "Rifles",
        "thumb": null,
        "parent": 3,
        "level": 2,
        "lft": 3,
        "game": null,
        "tree_id": 1
    }
}, {
    "pk": 6,
    "model": "categories.category",
    "fields": {
        "rght": 6,
        "name": "SMGs",
        "thumb": null,
        "parent": 3,
        "level": 2,
        "lft": 5,
        "game": null,
        "tree_id": 1
    }
}, {
    "pk": 7,
    "model": "categories.category",
    "fields": {
        "rght": 8,
        "name": "Sniper Rifles",
        "thumb": null,
        "parent": 3,
        "level": 2,
        "lft": 7,
        "game": null,
        "tree_id": 1
    }
}, {
    "pk": 8,
    "model": "categories.category",
    "fields": {
        "rght": 12,
        "name": "Dust 2",
        "thumb": null,
        "parent": 4,
        "level": 2,
        "lft": 11,
        "game": null,
        "tree_id": 1
    }
}, {
    "pk": 9,
    "model": "categories.category",
    "fields": {
        "rght": 14,
        "name": "Inferno",
        "thumb": null,
        "parent": 4,
        "level": 2,
        "lft": 13,
        "game": null,
        "tree_id": 1
    }
}, {
    "pk": 10,
    "model": "categories.category",
    "fields": {
        "rght": 16,
        "name": "Mirage",
        "thumb": null,
        "parent": 4,
        "level": 2,
        "lft": 15,
        "game": null,
        "tree_id": 1
    }
}, {
    "pk": 11,
    "model": "categories.category",
    "fields": {
        "rght": 18,
        "name": "Nuke",
        "thumb": null,
        "parent": 4,
        "level": 2,
        "lft": 17,
        "game": null,
        "tree_id": 1
    }
}, {
    "pk": 12,
    "model": "categories.category",
    "fields": {
        "rght": 9,
        "name": "Role",
        "thumb": null,
        "parent": 2,
        "level": 1,
        "lft": 2,
        "game": null,
        "tree_id": 2
    }
}, {
    "pk": 13,
    "model": "categories.category",
    "fields": {
        "rght": 4,
        "name": "ADC",
        "thumb": null,
        "parent": 12,
        "level": 2,
        "lft": 3,
        "game": null,
        "tree_id": 2
    }
}, {
    "pk": 14,
    "model": "categories.category",
    "fields": {
        "rght": 8,
        "name": "Support",
        "thumb": null,
        "parent": 12,
        "level": 2,
        "lft": 7,
        "game": null,
        "tree_id": 2
    }
}, {
    "pk": 15,
    "model": "categories.category",
    "fields": {
        "rght": 6,
        "name": "Jungle",
        "thumb": null,
        "parent": 12,
        "level": 2,
        "lft": 5,
        "game": null,
        "tree_id": 2
    }
}, {
    "pk": 1,
    "model": "games.game",
    "fields": {
        "name": "League of Legends",
        "official_site": "http://www.riotgames.com/"
    }
}, {
    "pk": 2,
    "model": "games.game",
    "fields": {
        "name": "Counter Strike",
        "official_site": "http://www.csgo.com/"
    }
}, {
    "pk": 1,
    "model": "guides.guide",
    "fields": {
        "category": 5,
        "name": "recoil",
        "video": "https://vimeo.com/87312534",
        "hit_count": 0,
        "contributor": 1,
        "description": "spray an ak"
    }
}, {
    "pk": 2,
    "model": "guides.guide",
    "fields": {
        "category": 8,
        "name": "AWP Mid",
        "video": "https://vimeo.com/87312534",
        "hit_count": 0,
        "contributor": 3,
        "description": "How to pick mid, make shots & not get picked"
    }
}, {
    "pk": 3,
    "model": "guides.guide",
    "fields": {
        "category": 14,
        "name": "Don't let ADC die",
        "video": "https://vimeo.com/87312534",
        "hit_count": 0,
        "contributor": 4,
        "description": "How to play decent support & not suck"
    }
}, {
    "pk": 4,
    "model": "guides.guide",
    "fields": {
        "category": 15,
        "name": "Ganking",
        "video": "https://vimeo.com/87312534",
        "hit_count": 0,
        "contributor": 5,
        "description": "Ganking as a jungler"
    }
}, {
    "pk": 5,
    "model": "guides.guide",
    "fields": {
        "category": 8,
        "name": "smoke mid",
        "video": "https://vimeo.com/87312534",
        "hit_count": 0,
        "contributor": 2,
        "description": "smoke mid as ct"
    }
}, {
    "pk": 6,
    "model": "guides.guide",
    "fields": {
        "category": 8,
        "name": "smoke b tunnel",
        "video": "https://vimeo.com/87312534",
        "hit_count": 0,
        "contributor": 2,
        "description": "smoke b tunnel off so you can get on platform"
    }
}, {
    "pk": 7,
    "model": "guides.guide",
    "fields": {
        "category": 9,
        "name": "smoke t ramp",
        "video": "https://vimeo.com/87312534",
        "hit_count": 0,
        "contributor": 2,
        "description": "Smoke off t ramp from ct spawn"
    }
}, {
    "pk": 1,
    "model": "contributors.contributor",
    "fields": {
        "bio": "from iBuyPower",
        "account": 3
    }
}, {
    "pk": 2,
    "model": "contributors.contributor",
    "fields": {
        "bio": "Illuminati Extraordianaire",
        "account": 2
    }
}, {
    "pk": 3,
    "model": "contributors.contributor",
    "fields": {
        "bio": "Snipes",
        "account": 4
    }
}, {
    "pk": 4,
    "model": "contributors.contributor",
    "fields": {
        "bio": "Mad disrespect in League",
        "account": 5
    }
}, {
    "pk": 5,
    "model": "contributors.contributor",
    "fields": {
        "bio": "League player",
        "account": 6
    }
}, {
    "pk": 1,
    "model": "auth.user",
    "fields": {
        "username": "opensorcerer",
        "first_name": "",
        "last_name": "",
        "is_active": true,
        "is_superuser": true,
        "is_staff": true,
        "last_login": "2014-04-26T02:50:11.046Z",
        "groups": [],
        "user_permissions": [],
        "password": "pbkdf2_sha256$12000$LQlZQYzdFgel$l1HMTgFJAgeFGYQ/gb1B2DXrm9cR0MuGW44/T/fsSVM=",
        "email": "",
        "date_joined": "2014-04-26T02:49:48.044Z"
    }
}, {
    "pk": 2,
    "model": "auth.user",
    "fields": {
        "username": "casey",
        "first_name": "",
        "last_name": "",
        "is_active": true,
        "is_superuser": false,
        "is_staff": false,
        "last_login": "2014-04-26T02:55:18.595Z",
        "groups": [],
        "user_permissions": [],
        "password": "pbkdf2_sha256$12000$nV0dJaoAZE9v$4DnNqpKx7n2yL5wmWEdUKOfJbI8CR+PFcdoJH6Q+lqA=",
        "email": "",
        "date_joined": "2014-04-26T02:55:18.595Z"
    }
}, {
    "pk": 3,
    "model": "auth.user",
    "fields": {
        "username": "dazed",
        "first_name": "",
        "last_name": "",
        "is_active": true,
        "is_superuser": false,
        "is_staff": false,
        "last_login": "2014-04-26T02:56:38.676Z",
        "groups": [],
        "user_permissions": [],
        "password": "pbkdf2_sha256$12000$rE7nbn5cEPgW$WXQ6VJ/0Midkc/9jX5Ek5ozxT/VvHLeqNVyHOCaS85w=",
        "email": "",
        "date_joined": "2014-04-26T02:56:38.676Z"
    }
}, {
    "pk": 4,
    "model": "auth.user",
    "fields": {
        "username": "shazham",
        "first_name": "",
        "last_name": "",
        "is_active": true,
        "is_superuser": false,
        "is_staff": false,
        "last_login": "2014-04-26T02:57:15.023Z",
        "groups": [],
        "user_permissions": [],
        "password": "pbkdf2_sha256$12000$0LesCz8lwH1W$Ifp+U0o0erJEESt+WK3Rp0zg4Mzj+ZE7G+Oav1DZLbw=",
        "email": "",
        "date_joined": "2014-04-26T02:57:15.023Z"
    }
}, {
    "pk": 5,
    "model": "auth.user",
    "fields": {
        "username": "trick2g",
        "first_name": "",
        "last_name": "",
        "is_active": true,
        "is_superuser": false,
        "is_staff": false,
        "last_login": "2014-04-26T02:57:34.939Z",
        "groups": [],
        "user_permissions": [],
        "password": "pbkdf2_sha256$12000$N80Yer83ikzH$ZGBJvdXN7vhA3JYKtgTLfzWvyUnPhumjmFDIpPkebGU=",
        "email": "",
        "date_joined": "2014-04-26T02:57:34.939Z"
    }
}, {
    "pk": 6,
    "model": "auth.user",
    "fields": {
        "username": "voyboy",
        "first_name": "",
        "last_name": "",
        "is_active": true,
        "is_superuser": false,
        "is_staff": false,
        "last_login": "2014-04-26T02:57:58.651Z",
        "groups": [],
        "user_permissions": [],
        "password": "pbkdf2_sha256$12000$TxGD35rulY0S$6P5xnDo6uJIkByoDJgZIwb9/uh/tnIWR3IqwxC3C5kc=",
        "email": "",
        "date_joined": "2014-04-26T02:57:58.651Z"
    }
}, {
    "pk": 7,
    "model": "auth.user",
    "fields": {
        "username": "demoing",
        "first_name": "",
        "last_name": "",
        "is_active": true,
        "is_superuser": false,
        "is_staff": false,
        "last_login": "2014-04-26T02:58:44.415Z",
        "groups": [],
        "user_permissions": [],
        "password": "pbkdf2_sha256$12000$FsoFQ9cYZscR$mFQW7EI9qZT3TY/NGL5uFbhwbORpZPVvhXlaCNMDF5M=",
        "email": "",
        "date_joined": "2014-04-26T02:58:44.415Z"
    }
}, {
    "pk": 1,
    "model": "accounts.account",
    "fields": {
        "is_premium": false,
        "steam_id": "",
        "summoner": "",
        "user": 1,
        "picture": "account_images/None/no-image.jpg"
    }
}, {
    "pk": 2,
    "model": "accounts.account",
    "fields": {
        "is_premium": true,
        "steam_id": "",
        "summoner": "",
        "user": 2,
        "picture": "account_images/stanPC2_tn.jpg"
    }
}, {
    "pk": 3,
    "model": "accounts.account",
    "fields": {
        "is_premium": false,
        "steam_id": "",
        "summoner": "",
        "user": 3,
        "picture": "account_images/stanPC1_tn.jpg"
    }
}, {
    "pk": 4,
    "model": "accounts.account",
    "fields": {
        "is_premium": true,
        "steam_id": "",
        "summoner": "",
        "user": 4,
        "picture": "account_images/stanPC3_tn.jpg"
    }
}, {
    "pk": 5,
    "model": "accounts.account",
    "fields": {
        "is_premium": false,
        "steam_id": "",
        "summoner": "",
        "user": 5,
        "picture": "account_images/stanPC4_tn.jpg"
    }
}, {
    "pk": 6,
    "model": "accounts.account",
    "fields": {
        "is_premium": true,
        "steam_id": "",
        "summoner": "",
        "user": 6,
        "picture": "account_images/stanPC6_tn.jpg"
    }
}, {
    "pk": 7,
    "model": "accounts.account",
    "fields": {
        "is_premium": true,
        "steam_id": "caseyyah",
        "summoner": "caseyfoster",
        "user": 7,
        "picture": "account_images/ACD1D268-C517-4456-B30E-1CFB3AA915CC-264-000000BA0825F582.png"
    }
}]