[{"pk": 1, "model": "contenttypes.contenttype", "fields": {"model": "permission", "name": "permission", "app_label": "auth"}}, {"pk": 2, "model": "contenttypes.contenttype", "fields": {"model": "group", "name": "group", "app_label": "auth"}}, {"pk": 3, "model": "contenttypes.contenttype", "fields": {"model": "user", "name": "user", "app_label": "auth"}}, {"pk": 4, "model": "contenttypes.contenttype", "fields": {"model": "contenttype", "name": "content type", "app_label": "contenttypes"}}, {"pk": 5, "model": "contenttypes.contenttype", "fields": {"model": "session", "name": "session", "app_label": "sessions"}}, {"pk": 6, "model": "contenttypes.contenttype", "fields": {"model": "logentry", "name": "log entry", "app_label": "admin"}}, {"pk": 7, "model": "contenttypes.contenttype", "fields": {"model": "migrationhistory", "name": "migration history", "app_label": "south"}}, {"pk": 8, "model": "contenttypes.contenttype", "fields": {"model": "account", "name": "account", "app_label": "accounts"}}, {"pk": 9, "model": "contenttypes.contenttype", "fields": {"model": "category", "name": "category", "app_label": "categories"}}, {"pk": 10, "model": "contenttypes.contenttype", "fields": {"model": "contributor", "name": "contributor", "app_label": "contributors"}}, {"pk": 11, "model": "contenttypes.contenttype", "fields": {"model": "game", "name": "game", "app_label": "games"}}, {"pk": 12, "model": "contenttypes.contenttype", "fields": {"model": "guide", "name": "guide", "app_label": "guides"}}, {"pk": "1oih6bysi88k65yffz08im8a2z0r26si", "model": "sessions.session", "fields": {"expire_date": "2014-02-08T20:12:36.820Z", "session_data": "ZTU5NjY3ZGI0MWU4MzBkM2RlNjg0NDJkNDBkNTNmMDk5MjAxNDY2YTp7Il9hdXRoX3VzZXJfYmFja2VuZCI6ImRqYW5nby5jb250cmliLmF1dGguYmFja2VuZHMuTW9kZWxCYWNrZW5kIiwiX2F1dGhfdXNlcl9pZCI6MX0="}}, {"pk": 1, "model": "south.migrationhistory", "fields": {"applied": "2014-01-25T20:12:14.598Z", "app_name": "django_extensions", "migration": "0001_empty"}}, {"pk": 1, "model": "categories.category", "fields": {"game": 2, "name": "de_inferno"}}, {"pk": 2, "model": "categories.category", "fields": {"game": 2, "name": "de_dust2"}}, {"pk": 3, "model": "categories.category", "fields": {"game": 2, "name": "de_cache"}}, {"pk": 4, "model": "categories.category", "fields": {"game": 2, "name": "de_season"}}, {"pk": 5, "model": "categories.category", "fields": {"game": 1, "name": "ADC"}}, {"pk": 6, "model": "categories.category", "fields": {"game": 1, "name": "SUPPORT"}}, {"pk": 7, "model": "categories.category", "fields": {"game": 1, "name": "Jungle"}}, {"pk": 8, "model": "categories.category", "fields": {"game": 1, "name": "Mid"}}, {"pk": 9, "model": "categories.category", "fields": {"game": 1, "name": "Micro"}}, {"pk": 10, "model": "categories.category", "fields": {"game": 1, "name": "Tips & Tricks"}}, {"pk": 11, "model": "categories.category", "fields": {"game": 2, "name": "Tips & Tricks"}}, {"pk": 12, "model": "categories.category", "fields": {"game": 3, "name": "Tips & Tricks"}}, {"pk": 1, "model": "contributors.contributor", "fields": {"bio": "good cs player", "account": 2}}, {"pk": 2, "model": "contributors.contributor", "fields": {"bio": "good cs awper", "account": 4}}, {"pk": 3, "model": "contributors.contributor", "fields": {"bio": "da coach", "account": 3}}, {"pk": 4, "model": "contributors.contributor", "fields": {"bio": "League owner", "account": 8}}, {"pk": 5, "model": "contributors.contributor", "fields": {"bio": "big streamer of league", "account": 9}}, {"pk": 6, "model": "contributors.contributor", "fields": {"bio": "your HKIA mastermind", "account": 7}}, {"pk": 1, "model": "games.game", "fields": {"name": "League of Legends", "official_site": "http://www.netcodeilluminati.com/"}}, {"pk": 2, "model": "games.game", "fields": {"name": "Counter Strike", "official_site": "http://www.netcodeilluminati.com/"}}, {"pk": 3, "model": "games.game", "fields": {"name": "Hello Kitty Island Adventures", "official_site": "http://www.google.com/"}}, {"pk": 1, "model": "guides.guide", "fields": {"contributor": 6, "category": 12, "name": "HKIA is super hard", "description": "how to do really well in this game"}}, {"pk": 2, "model": "guides.guide", "fields": {"contributor": 3, "category": 2, "name": "mid smoke", "description": "How to perfectly smoke off mid"}}, {"pk": 3, "model": "guides.guide", "fields": {"contributor": 2, "category": 2, "name": "awping long", "description": "Great angles to pick from long"}}, {"pk": 4, "model": "guides.guide", "fields": {"contributor": 3, "category": 3, "name": "mid control", "description": "quickly take control of mid t side to own the map"}}, {"pk": 5, "model": "guides.guide", "fields": {"contributor": 5, "category": 5, "name": "adc farm", "description": "out farm like a pro in bot lane"}}, {"pk": 6, "model": "guides.guide", "fields": {"contributor": 4, "category": 6, "name": "help your friend!", "description": "warding, awareness, & controlling the fight"}}, {"pk": 7, "model": "guides.guide", "fields": {"contributor": 5, "category": 7, "name": "Gankz", "description": "proper ganking times & techniques"}}, {"pk": 1, "model": "auth.permission", "fields": {"codename": "add_permission", "name": "Can add permission", "content_type": 1}}, {"pk": 2, "model": "auth.permission", "fields": {"codename": "change_permission", "name": "Can change permission", "content_type": 1}}, {"pk": 3, "model": "auth.permission", "fields": {"codename": "delete_permission", "name": "Can delete permission", "content_type": 1}}, {"pk": 4, "model": "auth.permission", "fields": {"codename": "add_group", "name": "Can add group", "content_type": 2}}, {"pk": 5, "model": "auth.permission", "fields": {"codename": "change_group", "name": "Can change group", "content_type": 2}}, {"pk": 6, "model": "auth.permission", "fields": {"codename": "delete_group", "name": "Can delete group", "content_type": 2}}, {"pk": 7, "model": "auth.permission", "fields": {"codename": "add_user", "name": "Can add user", "content_type": 3}}, {"pk": 8, "model": "auth.permission", "fields": {"codename": "change_user", "name": "Can change user", "content_type": 3}}, {"pk": 9, "model": "auth.permission", "fields": {"codename": "delete_user", "name": "Can delete user", "content_type": 3}}, {"pk": 10, "model": "auth.permission", "fields": {"codename": "add_contenttype", "name": "Can add content type", "content_type": 4}}, {"pk": 11, "model": "auth.permission", "fields": {"codename": "change_contenttype", "name": "Can change content type", "content_type": 4}}, {"pk": 12, "model": "auth.permission", "fields": {"codename": "delete_contenttype", "name": "Can delete content type", "content_type": 4}}, {"pk": 13, "model": "auth.permission", "fields": {"codename": "add_session", "name": "Can add session", "content_type": 5}}, {"pk": 14, "model": "auth.permission", "fields": {"codename": "change_session", "name": "Can change session", "content_type": 5}}, {"pk": 15, "model": "auth.permission", "fields": {"codename": "delete_session", "name": "Can delete session", "content_type": 5}}, {"pk": 16, "model": "auth.permission", "fields": {"codename": "add_logentry", "name": "Can add log entry", "content_type": 6}}, {"pk": 17, "model": "auth.permission", "fields": {"codename": "change_logentry", "name": "Can change log entry", "content_type": 6}}, {"pk": 18, "model": "auth.permission", "fields": {"codename": "delete_logentry", "name": "Can delete log entry", "content_type": 6}}, {"pk": 19, "model": "auth.permission", "fields": {"codename": "add_migrationhistory", "name": "Can add migration history", "content_type": 7}}, {"pk": 20, "model": "auth.permission", "fields": {"codename": "change_migrationhistory", "name": "Can change migration history", "content_type": 7}}, {"pk": 21, "model": "auth.permission", "fields": {"codename": "delete_migrationhistory", "name": "Can delete migration history", "content_type": 7}}, {"pk": 22, "model": "auth.permission", "fields": {"codename": "add_account", "name": "Can add account", "content_type": 8}}, {"pk": 23, "model": "auth.permission", "fields": {"codename": "change_account", "name": "Can change account", "content_type": 8}}, {"pk": 24, "model": "auth.permission", "fields": {"codename": "delete_account", "name": "Can delete account", "content_type": 8}}, {"pk": 25, "model": "auth.permission", "fields": {"codename": "add_category", "name": "Can add category", "content_type": 9}}, {"pk": 26, "model": "auth.permission", "fields": {"codename": "change_category", "name": "Can change category", "content_type": 9}}, {"pk": 27, "model": "auth.permission", "fields": {"codename": "delete_category", "name": "Can delete category", "content_type": 9}}, {"pk": 28, "model": "auth.permission", "fields": {"codename": "add_contributor", "name": "Can add contributor", "content_type": 10}}, {"pk": 29, "model": "auth.permission", "fields": {"codename": "change_contributor", "name": "Can change contributor", "content_type": 10}}, {"pk": 30, "model": "auth.permission", "fields": {"codename": "delete_contributor", "name": "Can delete contributor", "content_type": 10}}, {"pk": 31, "model": "auth.permission", "fields": {"codename": "add_game", "name": "Can add game", "content_type": 11}}, {"pk": 32, "model": "auth.permission", "fields": {"codename": "change_game", "name": "Can change game", "content_type": 11}}, {"pk": 33, "model": "auth.permission", "fields": {"codename": "delete_game", "name": "Can delete game", "content_type": 11}}, {"pk": 34, "model": "auth.permission", "fields": {"codename": "add_guide", "name": "Can add guide", "content_type": 12}}, {"pk": 35, "model": "auth.permission", "fields": {"codename": "change_guide", "name": "Can change guide", "content_type": 12}}, {"pk": 36, "model": "auth.permission", "fields": {"codename": "delete_guide", "name": "Can delete guide", "content_type": 12}}, {"pk": 1, "model": "auth.user", "fields": {"username": "opensorcerer", "first_name": "", "last_name": "", "is_active": true, "is_superuser": true, "is_staff": true, "last_login": "2014-01-25T20:12:36.800Z", "groups": [], "user_permissions": [], "password": "pbkdf2_sha256$12000$LtQIGOWglcBM$PQZqx4q+JLESZ9DL2xDibEs3OEem4Y9UwvtnxlZXj00=", "email": "", "date_joined": "2014-01-25T20:12:05.461Z"}}, {"pk": 2, "model": "auth.user", "fields": {"username": "dazed", "first_name": "", "last_name": "", "is_active": true, "is_superuser": false, "is_staff": false, "last_login": "2014-01-25T20:12:47.591Z", "groups": [], "user_permissions": [], "password": "pbkdf2_sha256$12000$bmmIaNN5IseL$EAcMxMLS8SR42FEex79GNC/0OT+sTNMER+XGkO3LCL4=", "email": "", "date_joined": "2014-01-25T20:12:47.591Z"}}, {"pk": 3, "model": "auth.user", "fields": {"username": "casey", "first_name": "", "last_name": "", "is_active": true, "is_superuser": false, "is_staff": false, "last_login": "2014-01-25T20:12:58.698Z", "groups": [], "user_permissions": [], "password": "pbkdf2_sha256$12000$GYkFeCq2KuUe$t4K3Dmlof5a4H4WypJH8jcy9sudr0h+zlfD3ojA+WpU=", "email": "", "date_joined": "2014-01-25T20:12:58.698Z"}}, {"pk": 4, "model": "auth.user", "fields": {"username": "shahzam", "first_name": "", "last_name": "", "is_active": true, "is_superuser": false, "is_staff": false, "last_login": "2014-01-25T20:13:11.225Z", "groups": [], "user_permissions": [], "password": "pbkdf2_sha256$12000$iBIbqkjKN2J1$nCPnwTYsvCdXKs9wNmN/fU3nawzhp96tvSyNHlSLAvQ=", "email": "", "date_joined": "2014-01-25T20:13:11.225Z"}}, {"pk": 5, "model": "auth.user", "fields": {"username": "steel", "first_name": "", "last_name": "", "is_active": true, "is_superuser": false, "is_staff": false, "last_login": "2014-01-25T20:13:20.217Z", "groups": [], "user_permissions": [], "password": "pbkdf2_sha256$12000$1mptRatlBQWV$MvmXGoaII+TKOGs++jdJQaCD2MnwOz5dZ2HAFqr35ns=", "email": "", "date_joined": "2014-01-25T20:13:20.217Z"}}, {"pk": 6, "model": "auth.user", "fields": {"username": "xperience", "first_name": "", "last_name": "", "is_active": true, "is_superuser": false, "is_staff": false, "last_login": "2014-01-25T20:13:25.550Z", "groups": [], "user_permissions": [], "password": "pbkdf2_sha256$12000$GReqdSJPlI3T$Th64h8Tsm7mUf7nmk1M8Nep64MchOMXsniNlYoDzjS0=", "email": "", "date_joined": "2014-01-25T20:13:25.550Z"}}, {"pk": 7, "model": "auth.user", "fields": {"username": "demo", "first_name": "", "last_name": "", "is_active": true, "is_superuser": false, "is_staff": false, "last_login": "2014-01-25T20:13:47.785Z", "groups": [], "user_permissions": [], "password": "pbkdf2_sha256$12000$xmQr3TUZr5sx$CjftOXyek/pGHAuhVEnsxnlqEhgpk5YpsCzi2lU7/fs=", "email": "", "date_joined": "2014-01-25T20:13:47.785Z"}}, {"pk": 8, "model": "auth.user", "fields": {"username": "trick2g", "first_name": "", "last_name": "", "is_active": true, "is_superuser": false, "is_staff": false, "last_login": "2014-01-25T20:15:40.262Z", "groups": [], "user_permissions": [], "password": "pbkdf2_sha256$12000$I0kvvuEqJ8C5$lr3oknrgl+UaZDKUeozHkUQaz68Sb2Vw+21610SATgk=", "email": "", "date_joined": "2014-01-25T20:15:40.262Z"}}, {"pk": 9, "model": "auth.user", "fields": {"username": "voyboy", "first_name": "", "last_name": "", "is_active": true, "is_superuser": false, "is_staff": false, "last_login": "2014-01-25T20:15:52.175Z", "groups": [], "user_permissions": [], "password": "pbkdf2_sha256$12000$CufErjbORhmk$ZXNmv9BwDoVV/5j8gWMkPBn7uTwCezHvykXNR4A8bFo=", "email": "", "date_joined": "2014-01-25T20:15:52.175Z"}}, {"pk": 1, "model": "admin.logentry", "fields": {"action_flag": 1, "action_time": "2014-01-25T20:12:47.684Z", "object_repr": "dazed", "object_id": "2", "change_message": "", "user": 1, "content_type": 3}}, {"pk": 2, "model": "admin.logentry", "fields": {"action_flag": 1, "action_time": "2014-01-25T20:12:58.804Z", "object_repr": "casey", "object_id": "3", "change_message": "", "user": 1, "content_type": 3}}, {"pk": 3, "model": "admin.logentry", "fields": {"action_flag": 1, "action_time": "2014-01-25T20:13:11.321Z", "object_repr": "shahzam", "object_id": "4", "change_message": "", "user": 1, "content_type": 3}}, {"pk": 4, "model": "admin.logentry", "fields": {"action_flag": 1, "action_time": "2014-01-25T20:13:20.312Z", "object_repr": "steel", "object_id": "5", "change_message": "", "user": 1, "content_type": 3}}, {"pk": 5, "model": "admin.logentry", "fields": {"action_flag": 1, "action_time": "2014-01-25T20:13:25.647Z", "object_repr": "xperience", "object_id": "6", "change_message": "", "user": 1, "content_type": 3}}, {"pk": 6, "model": "admin.logentry", "fields": {"action_flag": 1, "action_time": "2014-01-25T20:13:47.890Z", "object_repr": "demo", "object_id": "7", "change_message": "", "user": 1, "content_type": 3}}, {"pk": 7, "model": "admin.logentry", "fields": {"action_flag": 1, "action_time": "2014-01-25T20:14:20.730Z", "object_repr": "League of Legends", "object_id": "1", "change_message": "", "user": 1, "content_type": 11}}, {"pk": 8, "model": "admin.logentry", "fields": {"action_flag": 1, "action_time": "2014-01-25T20:14:28.026Z", "object_repr": "Counter Strike", "object_id": "2", "change_message": "", "user": 1, "content_type": 11}}, {"pk": 9, "model": "admin.logentry", "fields": {"action_flag": 1, "action_time": "2014-01-25T20:15:00.933Z", "object_repr": "Hello Kitty Island Adventures", "object_id": "3", "change_message": "", "user": 1, "content_type": 11}}, {"pk": 10, "model": "admin.logentry", "fields": {"action_flag": 1, "action_time": "2014-01-25T20:15:17.281Z", "object_repr": "Profile of user: dazed", "object_id": "1", "change_message": "", "user": 1, "content_type": 10}}, {"pk": 11, "model": "admin.logentry", "fields": {"action_flag": 1, "action_time": "2014-01-25T20:15:23.701Z", "object_repr": "Profile of user: shahzam", "object_id": "2", "change_message": "", "user": 1, "content_type": 10}}, {"pk": 12, "model": "admin.logentry", "fields": {"action_flag": 1, "action_time": "2014-01-25T20:15:29.613Z", "object_repr": "Profile of user: casey", "object_id": "3", "change_message": "", "user": 1, "content_type": 10}}, {"pk": 13, "model": "admin.logentry", "fields": {"action_flag": 1, "action_time": "2014-01-25T20:15:40.358Z", "object_repr": "trick2g", "object_id": "8", "change_message": "", "user": 1, "content_type": 3}}, {"pk": 14, "model": "admin.logentry", "fields": {"action_flag": 1, "action_time": "2014-01-25T20:15:52.275Z", "object_repr": "voyboy", "object_id": "9", "change_message": "", "user": 1, "content_type": 3}}, {"pk": 15, "model": "admin.logentry", "fields": {"action_flag": 1, "action_time": "2014-01-25T20:16:18.042Z", "object_repr": "Counter Strike de_inferno", "object_id": "1", "change_message": "", "user": 1, "content_type": 9}}, {"pk": 16, "model": "admin.logentry", "fields": {"action_flag": 1, "action_time": "2014-01-25T20:16:23.409Z", "object_repr": "Counter Strike de_dust2", "object_id": "2", "change_message": "", "user": 1, "content_type": 9}}, {"pk": 17, "model": "admin.logentry", "fields": {"action_flag": 1, "action_time": "2014-01-25T20:16:28.336Z", "object_repr": "Counter Strike de_cache", "object_id": "3", "change_message": "", "user": 1, "content_type": 9}}, {"pk": 18, "model": "admin.logentry", "fields": {"action_flag": 1, "action_time": "2014-01-25T20:16:35.820Z", "object_repr": "Counter Strike de_season", "object_id": "4", "change_message": "", "user": 1, "content_type": 9}}, {"pk": 19, "model": "admin.logentry", "fields": {"action_flag": 1, "action_time": "2014-01-25T20:16:41.027Z", "object_repr": "League of Legends ADC", "object_id": "5", "change_message": "", "user": 1, "content_type": 9}}, {"pk": 20, "model": "admin.logentry", "fields": {"action_flag": 1, "action_time": "2014-01-25T20:16:46.213Z", "object_repr": "League of Legends SUPPORT", "object_id": "6", "change_message": "", "user": 1, "content_type": 9}}, {"pk": 21, "model": "admin.logentry", "fields": {"action_flag": 1, "action_time": "2014-01-25T20:16:51.711Z", "object_repr": "League of Legends Jungle", "object_id": "7", "change_message": "", "user": 1, "content_type": 9}}, {"pk": 22, "model": "admin.logentry", "fields": {"action_flag": 1, "action_time": "2014-01-25T20:16:57.541Z", "object_repr": "League of Legends Mid", "object_id": "8", "change_message": "", "user": 1, "content_type": 9}}, {"pk": 23, "model": "admin.logentry", "fields": {"action_flag": 1, "action_time": "2014-01-25T20:17:02.717Z", "object_repr": "League of Legends Micro", "object_id": "9", "change_message": "", "user": 1, "content_type": 9}}, {"pk": 24, "model": "admin.logentry", "fields": {"action_flag": 1, "action_time": "2014-01-25T20:17:17.193Z", "object_repr": "League of Legends Tips & Tricks", "object_id": "10", "change_message": "", "user": 1, "content_type": 9}}, {"pk": 25, "model": "admin.logentry", "fields": {"action_flag": 1, "action_time": "2014-01-25T20:17:20.479Z", "object_repr": "Counter Strike Tips & Tricks", "object_id": "11", "change_message": "", "user": 1, "content_type": 9}}, {"pk": 26, "model": "admin.logentry", "fields": {"action_flag": 1, "action_time": "2014-01-25T20:17:24.025Z", "object_repr": "Hello Kitty Island Adventures Tips & Tricks", "object_id": "12", "change_message": "", "user": 1, "content_type": 9}}, {"pk": 27, "model": "admin.logentry", "fields": {"action_flag": 1, "action_time": "2014-01-25T20:18:11.012Z", "object_repr": "Profile of user: trick2g", "object_id": "4", "change_message": "", "user": 1, "content_type": 10}}, {"pk": 28, "model": "admin.logentry", "fields": {"action_flag": 1, "action_time": "2014-01-25T20:18:20.574Z", "object_repr": "Profile of user: voyboy", "object_id": "5", "change_message": "", "user": 1, "content_type": 10}}, {"pk": 29, "model": "admin.logentry", "fields": {"action_flag": 1, "action_time": "2014-01-25T20:18:39.214Z", "object_repr": "Profile of user: demo", "object_id": "6", "change_message": "", "user": 1, "content_type": 10}}, {"pk": 30, "model": "admin.logentry", "fields": {"action_flag": 1, "action_time": "2014-01-25T20:19:01.666Z", "object_repr": "HKIA is super hard", "object_id": "1", "change_message": "", "user": 1, "content_type": 12}}, {"pk": 31, "model": "admin.logentry", "fields": {"action_flag": 1, "action_time": "2014-01-25T20:20:29.483Z", "object_repr": "mid smoke", "object_id": "2", "change_message": "", "user": 1, "content_type": 12}}, {"pk": 32, "model": "admin.logentry", "fields": {"action_flag": 1, "action_time": "2014-01-25T20:20:48.612Z", "object_repr": "awping long", "object_id": "3", "change_message": "", "user": 1, "content_type": 12}}, {"pk": 33, "model": "admin.logentry", "fields": {"action_flag": 1, "action_time": "2014-01-25T20:21:07.095Z", "object_repr": "mid control", "object_id": "4", "change_message": "", "user": 1, "content_type": 12}}, {"pk": 34, "model": "admin.logentry", "fields": {"action_flag": 1, "action_time": "2014-01-25T20:21:33.312Z", "object_repr": "adc farm", "object_id": "5", "change_message": "", "user": 1, "content_type": 12}}, {"pk": 35, "model": "admin.logentry", "fields": {"action_flag": 1, "action_time": "2014-01-25T20:21:55.226Z", "object_repr": "help your friend!", "object_id": "6", "change_message": "", "user": 1, "content_type": 12}}, {"pk": 36, "model": "admin.logentry", "fields": {"action_flag": 1, "action_time": "2014-01-25T20:22:12.985Z", "object_repr": "Gankz", "object_id": "7", "change_message": "", "user": 1, "content_type": 12}}, {"pk": 1, "model": "accounts.account", "fields": {"is_premium": false, "steam_id": "", "summoner": "", "user": 1}}, {"pk": 2, "model": "accounts.account", "fields": {"is_premium": false, "steam_id": "", "summoner": "", "user": 2}}, {"pk": 3, "model": "accounts.account", "fields": {"is_premium": true, "steam_id": "12341231", "summoner": "caseyghey", "user": 3}}, {"pk": 4, "model": "accounts.account", "fields": {"is_premium": false, "steam_id": "", "summoner": "", "user": 4}}, {"pk": 5, "model": "accounts.account", "fields": {"is_premium": false, "steam_id": "", "summoner": "", "user": 5}}, {"pk": 6, "model": "accounts.account", "fields": {"is_premium": false, "steam_id": "", "summoner": "", "user": 6}}, {"pk": 7, "model": "accounts.account", "fields": {"is_premium": true, "steam_id": "1232131", "summoner": "summoner_53", "user": 7}}, {"pk": 8, "model": "accounts.account", "fields": {"is_premium": false, "steam_id": "", "summoner": "", "user": 8}}, {"pk": 9, "model": "accounts.account", "fields": {"is_premium": false, "steam_id": "", "summoner": "", "user": 9}}]