[{"pk": 1, "model": "contenttypes.contenttype", "fields": {"model": "permission", "name": "permission", "app_label": "auth"}}, {"pk": 2, "model": "contenttypes.contenttype", "fields": {"model": "group", "name": "group", "app_label": "auth"}}, {"pk": 3, "model": "contenttypes.contenttype", "fields": {"model": "user", "name": "user", "app_label": "auth"}}, {"pk": 4, "model": "contenttypes.contenttype", "fields": {"model": "contenttype", "name": "content type", "app_label": "contenttypes"}}, {"pk": 5, "model": "contenttypes.contenttype", "fields": {"model": "session", "name": "session", "app_label": "sessions"}}, {"pk": 6, "model": "contenttypes.contenttype", "fields": {"model": "logentry", "name": "log entry", "app_label": "admin"}}, {"pk": 7, "model": "contenttypes.contenttype", "fields": {"model": "migrationhistory", "name": "migration history", "app_label": "south"}}, {"pk": 8, "model": "contenttypes.contenttype", "fields": {"model": "account", "name": "account", "app_label": "accounts"}}, {"pk": 9, "model": "contenttypes.contenttype", "fields": {"model": "category", "name": "category", "app_label": "categories"}}, {"pk": 10, "model": "contenttypes.contenttype", "fields": {"model": "contributor", "name": "contributor", "app_label": "contributors"}}, {"pk": 11, "model": "contenttypes.contenttype", "fields": {"model": "game", "name": "game", "app_label": "games"}}, {"pk": 12, "model": "contenttypes.contenttype", "fields": {"model": "guide", "name": "guide", "app_label": "guides"}}, {"pk": 13, "model": "contenttypes.contenttype", "fields": {"model": "guidefilter", "name": "guide filter", "app_label": "guides"}}, {"pk": "fjrtqljy91xznnrerjtk7tvogbys35tr", "model": "sessions.session", "fields": {"expire_date": "2014-03-22T20:37:51.643Z", "session_data": "ZTU5NjY3ZGI0MWU4MzBkM2RlNjg0NDJkNDBkNTNmMDk5MjAxNDY2YTp7Il9hdXRoX3VzZXJfYmFja2VuZCI6ImRqYW5nby5jb250cmliLmF1dGguYmFja2VuZHMuTW9kZWxCYWNrZW5kIiwiX2F1dGhfdXNlcl9pZCI6MX0="}}, {"pk": 1, "model": "south.migrationhistory", "fields": {"applied": "2014-03-08T20:37:41.055Z", "app_name": "django_extensions", "migration": "0001_empty"}}, {"pk": 1, "model": "categories.category", "fields": {"rght": 20, "name": "Counter-Strike", "parent": null, "level": 0, "lft": 1, "game": 1, "tree_id": 1}}, {"pk": 2, "model": "categories.category", "fields": {"rght": 16, "name": "League of Legends", "parent": null, "level": 0, "lft": 1, "game": 2, "tree_id": 2}}, {"pk": 6, "model": "categories.category", "fields": {"rght": 15, "name": "Role", "parent": 2, "level": 1, "lft": 8, "game": null, "tree_id": 2}}, {"pk": 7, "model": "categories.category", "fields": {"rght": 19, "name": "Map", "parent": 1, "level": 1, "lft": 10, "game": null, "tree_id": 1}}, {"pk": 8, "model": "categories.category", "fields": {"rght": 9, "name": "Gun", "parent": 1, "level": 1, "lft": 2, "game": null, "tree_id": 1}}, {"pk": 9, "model": "categories.category", "fields": {"rght": 8, "name": "Sniper Rifles", "parent": 8, "level": 2, "lft": 7, "game": null, "tree_id": 1}}, {"pk": 10, "model": "categories.category", "fields": {"rght": 6, "name": "SMGs", "parent": 8, "level": 2, "lft": 5, "game": null, "tree_id": 1}}, {"pk": 11, "model": "categories.category", "fields": {"rght": 10, "name": "ADC", "parent": 6, "level": 2, "lft": 9, "game": null, "tree_id": 2}}, {"pk": 12, "model": "categories.category", "fields": {"rght": 14, "name": "Support", "parent": 6, "level": 2, "lft": 13, "game": null, "tree_id": 2}}, {"pk": 13, "model": "categories.category", "fields": {"rght": 12, "name": "Jungle", "parent": 6, "level": 2, "lft": 11, "game": null, "tree_id": 2}}, {"pk": 14, "model": "categories.category", "fields": {"rght": 14, "name": "Inferno", "parent": 7, "level": 2, "lft": 13, "game": null, "tree_id": 1}}, {"pk": 15, "model": "categories.category", "fields": {"rght": 16, "name": "Mirage", "parent": 7, "level": 2, "lft": 15, "game": null, "tree_id": 1}}, {"pk": 16, "model": "categories.category", "fields": {"rght": 18, "name": "Nuke", "parent": 7, "level": 2, "lft": 17, "game": null, "tree_id": 1}}, {"pk": 17, "model": "categories.category", "fields": {"rght": 4, "name": "Rfiles", "parent": 8, "level": 2, "lft": 3, "game": null, "tree_id": 1}}, {"pk": 18, "model": "categories.category", "fields": {"rght": 12, "name": "Dust2", "parent": 7, "level": 2, "lft": 11, "game": null, "tree_id": 1}}, {"pk": 1, "model": "contributors.contributor", "fields": {"bio": "League player", "account": 7}}, {"pk": 2, "model": "contributors.contributor", "fields": {"bio": "Mad disrespect in League", "account": 6}}, {"pk": 3, "model": "contributors.contributor", "fields": {"bio": "Snipes", "account": 5}}, {"pk": 4, "model": "contributors.contributor", "fields": {"bio": "Illuminati Extraordianaire", "account": 4}}, {"pk": 5, "model": "contributors.contributor", "fields": {"bio": "from iBuyPower", "account": 3}}, {"pk": 1, "model": "games.game", "fields": {"name": "Counter Strike", "official_site": "http://www.csgo.com/"}}, {"pk": 2, "model": "games.game", "fields": {"name": "League of Legends", "official_site": "http://www.riotgames.com/"}}, {"pk": 1, "model": "guides.guide", "fields": {"contributor": 5, "category": 17, "video": "https://vimeo.com/85152562", "name": "recoil", "description": "spray an ak"}}, {"pk": 2, "model": "guides.guide", "fields": {"contributor": 4, "category": 14, "video": "https://vimeo.com/87312534", "name": "smoke t ramp", "description": "Smoke off t ramp from ct spawn"}}, {"pk": 3, "model": "guides.guide", "fields": {"contributor": 4, "category": 18, "video": "https://vimeo.com/87312534", "name": "smoke b tunnel", "description": "smoke b tunnel off so you can get on platform"}}, {"pk": 4, "model": "guides.guide", "fields": {"contributor": 4, "category": 18, "video": "https://vimeo.com/87312534", "name": "smoke mid", "description": "smoke mid as ct"}}, {"pk": 5, "model": "guides.guide", "fields": {"contributor": 1, "category": 13, "video": "https://vimeo.com/87312534", "name": "Ganking", "description": "Ganking as a jungler"}}, {"pk": 6, "model": "guides.guide", "fields": {"contributor": 2, "category": 12, "video": "https://vimeo.com/87312534", "name": "Don't let ADC die", "description": "How to play decent support & not suck"}}, {"pk": 7, "model": "guides.guide", "fields": {"contributor": 3, "category": 18, "video": "https://vimeo.com/87312534", "name": "AWP Mid", "description": "How to pick mid, make shots & not get picked"}}, {"pk": 1, "model": "auth.permission", "fields": {"codename": "add_permission", "name": "Can add permission", "content_type": 1}}, {"pk": 2, "model": "auth.permission", "fields": {"codename": "change_permission", "name": "Can change permission", "content_type": 1}}, {"pk": 3, "model": "auth.permission", "fields": {"codename": "delete_permission", "name": "Can delete permission", "content_type": 1}}, {"pk": 4, "model": "auth.permission", "fields": {"codename": "add_group", "name": "Can add group", "content_type": 2}}, {"pk": 5, "model": "auth.permission", "fields": {"codename": "change_group", "name": "Can change group", "content_type": 2}}, {"pk": 6, "model": "auth.permission", "fields": {"codename": "delete_group", "name": "Can delete group", "content_type": 2}}, {"pk": 7, "model": "auth.permission", "fields": {"codename": "add_user", "name": "Can add user", "content_type": 3}}, {"pk": 8, "model": "auth.permission", "fields": {"codename": "change_user", "name": "Can change user", "content_type": 3}}, {"pk": 9, "model": "auth.permission", "fields": {"codename": "delete_user", "name": "Can delete user", "content_type": 3}}, {"pk": 10, "model": "auth.permission", "fields": {"codename": "add_contenttype", "name": "Can add content type", "content_type": 4}}, {"pk": 11, "model": "auth.permission", "fields": {"codename": "change_contenttype", "name": "Can change content type", "content_type": 4}}, {"pk": 12, "model": "auth.permission", "fields": {"codename": "delete_contenttype", "name": "Can delete content type", "content_type": 4}}, {"pk": 13, "model": "auth.permission", "fields": {"codename": "add_session", "name": "Can add session", "content_type": 5}}, {"pk": 14, "model": "auth.permission", "fields": {"codename": "change_session", "name": "Can change session", "content_type": 5}}, {"pk": 15, "model": "auth.permission", "fields": {"codename": "delete_session", "name": "Can delete session", "content_type": 5}}, {"pk": 16, "model": "auth.permission", "fields": {"codename": "add_logentry", "name": "Can add log entry", "content_type": 6}}, {"pk": 17, "model": "auth.permission", "fields": {"codename": "change_logentry", "name": "Can change log entry", "content_type": 6}}, {"pk": 18, "model": "auth.permission", "fields": {"codename": "delete_logentry", "name": "Can delete log entry", "content_type": 6}}, {"pk": 19, "model": "auth.permission", "fields": {"codename": "add_migrationhistory", "name": "Can add migration history", "content_type": 7}}, {"pk": 20, "model": "auth.permission", "fields": {"codename": "change_migrationhistory", "name": "Can change migration history", "content_type": 7}}, {"pk": 21, "model": "auth.permission", "fields": {"codename": "delete_migrationhistory", "name": "Can delete migration history", "content_type": 7}}, {"pk": 22, "model": "auth.permission", "fields": {"codename": "add_account", "name": "Can add account", "content_type": 8}}, {"pk": 23, "model": "auth.permission", "fields": {"codename": "change_account", "name": "Can change account", "content_type": 8}}, {"pk": 24, "model": "auth.permission", "fields": {"codename": "delete_account", "name": "Can delete account", "content_type": 8}}, {"pk": 25, "model": "auth.permission", "fields": {"codename": "add_category", "name": "Can add category", "content_type": 9}}, {"pk": 26, "model": "auth.permission", "fields": {"codename": "change_category", "name": "Can change category", "content_type": 9}}, {"pk": 27, "model": "auth.permission", "fields": {"codename": "delete_category", "name": "Can delete category", "content_type": 9}}, {"pk": 28, "model": "auth.permission", "fields": {"codename": "add_contributor", "name": "Can add contributor", "content_type": 10}}, {"pk": 29, "model": "auth.permission", "fields": {"codename": "change_contributor", "name": "Can change contributor", "content_type": 10}}, {"pk": 30, "model": "auth.permission", "fields": {"codename": "delete_contributor", "name": "Can delete contributor", "content_type": 10}}, {"pk": 31, "model": "auth.permission", "fields": {"codename": "add_game", "name": "Can add game", "content_type": 11}}, {"pk": 32, "model": "auth.permission", "fields": {"codename": "change_game", "name": "Can change game", "content_type": 11}}, {"pk": 33, "model": "auth.permission", "fields": {"codename": "delete_game", "name": "Can delete game", "content_type": 11}}, {"pk": 34, "model": "auth.permission", "fields": {"codename": "add_guide", "name": "Can add guide", "content_type": 12}}, {"pk": 35, "model": "auth.permission", "fields": {"codename": "change_guide", "name": "Can change guide", "content_type": 12}}, {"pk": 36, "model": "auth.permission", "fields": {"codename": "delete_guide", "name": "Can delete guide", "content_type": 12}}, {"pk": 37, "model": "auth.permission", "fields": {"codename": "add_guidefilter", "name": "Can add guide filter", "content_type": 13}}, {"pk": 38, "model": "auth.permission", "fields": {"codename": "change_guidefilter", "name": "Can change guide filter", "content_type": 13}}, {"pk": 39, "model": "auth.permission", "fields": {"codename": "delete_guidefilter", "name": "Can delete guide filter", "content_type": 13}}, {"pk": 1, "model": "auth.user", "fields": {"username": "opensorcerer", "first_name": "", "last_name": "", "is_active": true, "is_superuser": true, "is_staff": true, "last_login": "2014-03-08T20:37:51.590Z", "groups": [], "user_permissions": [], "password": "pbkdf2_sha256$12000$Qb4cuxwCBDo0$GMR5b74DzRqZkY/8NYvcrZqfNWADpdRQd9jSG7anvSc=", "email": "", "date_joined": "2014-03-08T20:37:36.765Z"}}, {"pk": 2, "model": "auth.user", "fields": {"username": "demoing", "first_name": "", "last_name": "", "is_active": true, "is_superuser": false, "is_staff": false, "last_login": "2014-03-08T20:51:41.291Z", "groups": [], "user_permissions": [], "password": "pbkdf2_sha256$12000$PrMw4na3rMQo$SfAVd5AQh3F991tt6yBQ+Q9CqIuQvx77cFStljWQUHQ=", "email": "", "date_joined": "2014-03-08T20:51:41.291Z"}}, {"pk": 3, "model": "auth.user", "fields": {"username": "dazed", "first_name": "", "last_name": "", "is_active": true, "is_superuser": false, "is_staff": false, "last_login": "2014-03-08T20:52:30.342Z", "groups": [], "user_permissions": [], "password": "pbkdf2_sha256$12000$O1HwJOygZ0VC$1cMCFmwbReNUB4jFvBVV1+qqEgy0+cR7d7PoG1VGWf4=", "email": "", "date_joined": "2014-03-08T20:52:30.342Z"}}, {"pk": 4, "model": "auth.user", "fields": {"username": "casey", "first_name": "", "last_name": "", "is_active": true, "is_superuser": false, "is_staff": false, "last_login": "2014-03-08T20:52:53.829Z", "groups": [], "user_permissions": [], "password": "pbkdf2_sha256$12000$JgVyngLlR25A$0+aXSn15Ud/KLekYNX30kojIkxSNuPxXSCPLdtgDTSY=", "email": "", "date_joined": "2014-03-08T20:52:53.829Z"}}, {"pk": 5, "model": "auth.user", "fields": {"username": "shazham", "first_name": "", "last_name": "", "is_active": true, "is_superuser": false, "is_staff": false, "last_login": "2014-03-08T20:53:11.159Z", "groups": [], "user_permissions": [], "password": "pbkdf2_sha256$12000$VCp5AABevgpj$A78npI9omPnbQCFLd1DH7Bv5vU9kUyKq/geJCHOEr6I=", "email": "", "date_joined": "2014-03-08T20:53:11.159Z"}}, {"pk": 6, "model": "auth.user", "fields": {"username": "trick2g", "first_name": "", "last_name": "", "is_active": true, "is_superuser": false, "is_staff": false, "last_login": "2014-03-08T20:53:26.934Z", "groups": [], "user_permissions": [], "password": "pbkdf2_sha256$12000$HJDOgt1kfS2t$G9kxKgiptP37V5JO59RZwbucNV35YQJhn0tMGYFM9KA=", "email": "", "date_joined": "2014-03-08T20:53:26.934Z"}}, {"pk": 7, "model": "auth.user", "fields": {"username": "voyboy", "first_name": "", "last_name": "", "is_active": true, "is_superuser": false, "is_staff": false, "last_login": "2014-03-08T20:53:39.540Z", "groups": [], "user_permissions": [], "password": "pbkdf2_sha256$12000$4MnN4TQuItCI$bqRC1zrPYULnymDqMcFHO5/2lXmONSdh/xZ78aGp1hY=", "email": "", "date_joined": "2014-03-08T20:53:39.540Z"}}, {"pk": 1, "model": "admin.logentry", "fields": {"action_flag": 1, "action_time": "2014-03-08T20:46:26.308Z", "object_repr": "Counter Strike", "object_id": "1", "change_message": "", "user": 1, "content_type": 11}}, {"pk": 2, "model": "admin.logentry", "fields": {"action_flag": 1, "action_time": "2014-03-08T20:46:38.346Z", "object_repr": "League of Legends", "object_id": "2", "change_message": "", "user": 1, "content_type": 11}}, {"pk": 3, "model": "admin.logentry", "fields": {"action_flag": 1, "action_time": "2014-03-08T20:46:57.319Z", "object_repr": "0 Counter-Strike", "object_id": "1", "change_message": "", "user": 1, "content_type": 9}}, {"pk": 4, "model": "admin.logentry", "fields": {"action_flag": 1, "action_time": "2014-03-08T20:47:05.514Z", "object_repr": "0 League of Legends", "object_id": "2", "change_message": "", "user": 1, "content_type": 9}}, {"pk": 5, "model": "admin.logentry", "fields": {"action_flag": 1, "action_time": "2014-03-08T20:47:11.570Z", "object_repr": "1 ADC", "object_id": "3", "change_message": "", "user": 1, "content_type": 9}}, {"pk": 6, "model": "admin.logentry", "fields": {"action_flag": 1, "action_time": "2014-03-08T20:47:20.118Z", "object_repr": "1 Support", "object_id": "4", "change_message": "", "user": 1, "content_type": 9}}, {"pk": 7, "model": "admin.logentry", "fields": {"action_flag": 1, "action_time": "2014-03-08T20:47:27.637Z", "object_repr": "1 Jungle", "object_id": "5", "change_message": "", "user": 1, "content_type": 9}}, {"pk": 8, "model": "admin.logentry", "fields": {"action_flag": 3, "action_time": "2014-03-08T20:47:45.745Z", "object_repr": "1 ADC", "object_id": "3", "change_message": "", "user": 1, "content_type": 9}}, {"pk": 9, "model": "admin.logentry", "fields": {"action_flag": 3, "action_time": "2014-03-08T20:47:45.751Z", "object_repr": "1 Jungle", "object_id": "5", "change_message": "", "user": 1, "content_type": 9}}, {"pk": 10, "model": "admin.logentry", "fields": {"action_flag": 3, "action_time": "2014-03-08T20:47:45.756Z", "object_repr": "1 Support", "object_id": "4", "change_message": "", "user": 1, "content_type": 9}}, {"pk": 11, "model": "admin.logentry", "fields": {"action_flag": 1, "action_time": "2014-03-08T20:47:56.975Z", "object_repr": "1 Role", "object_id": "6", "change_message": "", "user": 1, "content_type": 9}}, {"pk": 12, "model": "admin.logentry", "fields": {"action_flag": 1, "action_time": "2014-03-08T20:48:02.659Z", "object_repr": "1 Map", "object_id": "7", "change_message": "", "user": 1, "content_type": 9}}, {"pk": 13, "model": "admin.logentry", "fields": {"action_flag": 1, "action_time": "2014-03-08T20:48:13.779Z", "object_repr": "1 Gun", "object_id": "8", "change_message": "", "user": 1, "content_type": 9}}, {"pk": 14, "model": "admin.logentry", "fields": {"action_flag": 1, "action_time": "2014-03-08T20:48:28.057Z", "object_repr": "2 Sniper Rifles", "object_id": "9", "change_message": "", "user": 1, "content_type": 9}}, {"pk": 15, "model": "admin.logentry", "fields": {"action_flag": 1, "action_time": "2014-03-08T20:48:34.763Z", "object_repr": "2 SMGs", "object_id": "10", "change_message": "", "user": 1, "content_type": 9}}, {"pk": 16, "model": "admin.logentry", "fields": {"action_flag": 1, "action_time": "2014-03-08T20:48:41.937Z", "object_repr": "2 ADC", "object_id": "11", "change_message": "", "user": 1, "content_type": 9}}, {"pk": 17, "model": "admin.logentry", "fields": {"action_flag": 1, "action_time": "2014-03-08T20:48:49.571Z", "object_repr": "2 Support", "object_id": "12", "change_message": "", "user": 1, "content_type": 9}}, {"pk": 18, "model": "admin.logentry", "fields": {"action_flag": 1, "action_time": "2014-03-08T20:48:57.608Z", "object_repr": "2 Jungle", "object_id": "13", "change_message": "", "user": 1, "content_type": 9}}, {"pk": 19, "model": "admin.logentry", "fields": {"action_flag": 1, "action_time": "2014-03-08T20:49:07.772Z", "object_repr": "2 Inferno", "object_id": "14", "change_message": "", "user": 1, "content_type": 9}}, {"pk": 20, "model": "admin.logentry", "fields": {"action_flag": 1, "action_time": "2014-03-08T20:49:20.589Z", "object_repr": "2 Mirage", "object_id": "15", "change_message": "", "user": 1, "content_type": 9}}, {"pk": 21, "model": "admin.logentry", "fields": {"action_flag": 1, "action_time": "2014-03-08T20:49:34.342Z", "object_repr": "2 Nuke", "object_id": "16", "change_message": "", "user": 1, "content_type": 9}}, {"pk": 22, "model": "admin.logentry", "fields": {"action_flag": 1, "action_time": "2014-03-08T20:51:41.412Z", "object_repr": "demoing", "object_id": "2", "change_message": "", "user": 1, "content_type": 3}}, {"pk": 23, "model": "admin.logentry", "fields": {"action_flag": 1, "action_time": "2014-03-08T20:52:30.448Z", "object_repr": "dazed", "object_id": "3", "change_message": "", "user": 1, "content_type": 3}}, {"pk": 24, "model": "admin.logentry", "fields": {"action_flag": 1, "action_time": "2014-03-08T20:52:53.936Z", "object_repr": "casey", "object_id": "4", "change_message": "", "user": 1, "content_type": 3}}, {"pk": 25, "model": "admin.logentry", "fields": {"action_flag": 1, "action_time": "2014-03-08T20:53:11.268Z", "object_repr": "shazham", "object_id": "5", "change_message": "", "user": 1, "content_type": 3}}, {"pk": 26, "model": "admin.logentry", "fields": {"action_flag": 1, "action_time": "2014-03-08T20:53:27.041Z", "object_repr": "trick2g", "object_id": "6", "change_message": "", "user": 1, "content_type": 3}}, {"pk": 27, "model": "admin.logentry", "fields": {"action_flag": 1, "action_time": "2014-03-08T20:53:39.649Z", "object_repr": "voyboy", "object_id": "7", "change_message": "", "user": 1, "content_type": 3}}, {"pk": 28, "model": "admin.logentry", "fields": {"action_flag": 1, "action_time": "2014-03-08T20:54:08.545Z", "object_repr": "Profile of user: voyboy", "object_id": "1", "change_message": "", "user": 1, "content_type": 10}}, {"pk": 29, "model": "admin.logentry", "fields": {"action_flag": 1, "action_time": "2014-03-08T20:59:16.189Z", "object_repr": "Profile of user: trick2g", "object_id": "2", "change_message": "", "user": 1, "content_type": 10}}, {"pk": 30, "model": "admin.logentry", "fields": {"action_flag": 1, "action_time": "2014-03-08T20:59:29.244Z", "object_repr": "Profile of user: shazham", "object_id": "3", "change_message": "", "user": 1, "content_type": 10}}, {"pk": 31, "model": "admin.logentry", "fields": {"action_flag": 1, "action_time": "2014-03-08T20:59:44.852Z", "object_repr": "Profile of user: casey", "object_id": "4", "change_message": "", "user": 1, "content_type": 10}}, {"pk": 32, "model": "admin.logentry", "fields": {"action_flag": 1, "action_time": "2014-03-08T20:59:57.480Z", "object_repr": "Profile of user: dazed", "object_id": "5", "change_message": "", "user": 1, "content_type": 10}}, {"pk": 33, "model": "admin.logentry", "fields": {"action_flag": 1, "action_time": "2014-03-08T21:00:48.890Z", "object_repr": "2 Rfiles", "object_id": "17", "change_message": "", "user": 1, "content_type": 9}}, {"pk": 34, "model": "admin.logentry", "fields": {"action_flag": 1, "action_time": "2014-03-08T21:00:51.794Z", "object_repr": "recoil", "object_id": "1", "change_message": "", "user": 1, "content_type": 12}}, {"pk": 35, "model": "admin.logentry", "fields": {"action_flag": 1, "action_time": "2014-03-08T21:01:31.713Z", "object_repr": "smoke t ramp", "object_id": "2", "change_message": "", "user": 1, "content_type": 12}}, {"pk": 36, "model": "admin.logentry", "fields": {"action_flag": 1, "action_time": "2014-03-08T21:02:07.723Z", "object_repr": "2 Dust2", "object_id": "18", "change_message": "", "user": 1, "content_type": 9}}, {"pk": 37, "model": "admin.logentry", "fields": {"action_flag": 1, "action_time": "2014-03-08T21:02:17.412Z", "object_repr": "smoke b tunnel", "object_id": "3", "change_message": "", "user": 1, "content_type": 12}}, {"pk": 38, "model": "admin.logentry", "fields": {"action_flag": 1, "action_time": "2014-03-08T21:02:39.831Z", "object_repr": "smoke mid", "object_id": "4", "change_message": "", "user": 1, "content_type": 12}}, {"pk": 39, "model": "admin.logentry", "fields": {"action_flag": 1, "action_time": "2014-03-08T21:03:08.502Z", "object_repr": "Ganking", "object_id": "5", "change_message": "", "user": 1, "content_type": 12}}, {"pk": 40, "model": "admin.logentry", "fields": {"action_flag": 1, "action_time": "2014-03-08T21:03:31.991Z", "object_repr": "Don't let ADC die", "object_id": "6", "change_message": "", "user": 1, "content_type": 12}}, {"pk": 41, "model": "admin.logentry", "fields": {"action_flag": 1, "action_time": "2014-03-08T21:04:22.459Z", "object_repr": "AWP Mid", "object_id": "7", "change_message": "", "user": 1, "content_type": 12}}, {"pk": 1, "model": "accounts.account", "fields": {"is_premium": false, "steam_id": "", "summoner": "", "user": 1, "picture": "account_images/None/no-image.jpg"}}, {"pk": 2, "model": "accounts.account", "fields": {"is_premium": true, "steam_id": "caseyyah", "summoner": "caseyf", "user": 2, "picture": "account_images/ACD1D268-C517-4456-B30E-1CFB3AA915CC-264-000000BA0825F582_2.png"}}, {"pk": 3, "model": "accounts.account", "fields": {"is_premium": false, "steam_id": "", "summoner": "", "user": 3, "picture": "account_images/stanPC1_tn.jpg"}}, {"pk": 4, "model": "accounts.account", "fields": {"is_premium": true, "steam_id": "", "summoner": "", "user": 4, "picture": "account_images/stanPC2_tn.jpg"}}, {"pk": 5, "model": "accounts.account", "fields": {"is_premium": true, "steam_id": "", "summoner": "", "user": 5, "picture": "account_images/stanPC3_tn.jpg"}}, {"pk": 6, "model": "accounts.account", "fields": {"is_premium": false, "steam_id": "", "summoner": "", "user": 6, "picture": "account_images/stanPC4_tn.jpg"}}, {"pk": 7, "model": "accounts.account", "fields": {"is_premium": true, "steam_id": "", "summoner": "", "user": 7, "picture": "account_images/stanPC6_tn.jpg"}}]