[{"pk": 1, "model": "contenttypes.contenttype", "fields": {"model": "permission", "name": "permission", "app_label": "auth"}}, {"pk": 2, "model": "contenttypes.contenttype", "fields": {"model": "group", "name": "group", "app_label": "auth"}}, {"pk": 3, "model": "contenttypes.contenttype", "fields": {"model": "user", "name": "user", "app_label": "auth"}}, {"pk": 4, "model": "contenttypes.contenttype", "fields": {"model": "contenttype", "name": "content type", "app_label": "contenttypes"}}, {"pk": 5, "model": "contenttypes.contenttype", "fields": {"model": "session", "name": "session", "app_label": "sessions"}}, {"pk": 6, "model": "contenttypes.contenttype", "fields": {"model": "site", "name": "site", "app_label": "sites"}}, {"pk": 7, "model": "contenttypes.contenttype", "fields": {"model": "comment", "name": "comment", "app_label": "comments"}}, {"pk": 8, "model": "contenttypes.contenttype", "fields": {"model": "commentflag", "name": "comment flag", "app_label": "comments"}}, {"pk": 9, "model": "contenttypes.contenttype", "fields": {"model": "logentry", "name": "log entry", "app_label": "admin"}}, {"pk": 10, "model": "contenttypes.contenttype", "fields": {"model": "migrationhistory", "name": "migration history", "app_label": "south"}}, {"pk": 11, "model": "contenttypes.contenttype", "fields": {"model": "account", "name": "account", "app_label": "accounts"}}, {"pk": 12, "model": "contenttypes.contenttype", "fields": {"model": "category", "name": "category", "app_label": "categories"}}, {"pk": 13, "model": "contenttypes.contenttype", "fields": {"model": "contributor", "name": "contributor", "app_label": "contributors"}}, {"pk": 14, "model": "contenttypes.contenttype", "fields": {"model": "game", "name": "game", "app_label": "games"}}, {"pk": 15, "model": "contenttypes.contenttype", "fields": {"model": "guide", "name": "guide", "app_label": "guides"}}, {"pk": "561i3vg21vledil0tmbz2msiu03m4txa", "model": "sessions.session", "fields": {"expire_date": "2014-06-30T21:25:57.870Z", "session_data": "ZTU5NjY3ZGI0MWU4MzBkM2RlNjg0NDJkNDBkNTNmMDk5MjAxNDY2YTp7Il9hdXRoX3VzZXJfYmFja2VuZCI6ImRqYW5nby5jb250cmliLmF1dGguYmFja2VuZHMuTW9kZWxCYWNrZW5kIiwiX2F1dGhfdXNlcl9pZCI6MX0="}}, {"pk": "nummyeprzsb08xi5kfg2flbiof05vreg", "model": "sessions.session", "fields": {"expire_date": "2014-07-01T17:58:56.894Z", "session_data": "NGRjNzA3NGM0NDQxZWE1ODMwMzkxZGE4MTFiOGNhMGVmYjI4YmI3NDp7fQ=="}}, {"pk": "p2c4hspw8x1kdl2rhrgjjjxlvgrojrrf", "model": "sessions.session", "fields": {"expire_date": "2014-06-30T13:24:31.252Z", "session_data": "NGRjNzA3NGM0NDQxZWE1ODMwMzkxZGE4MTFiOGNhMGVmYjI4YmI3NDp7fQ=="}}, {"pk": "tk6mv2lscfw0gcqxts3r3g11xp3rynb4", "model": "sessions.session", "fields": {"expire_date": "2014-06-22T16:04:07.176Z", "session_data": "ZTU5NjY3ZGI0MWU4MzBkM2RlNjg0NDJkNDBkNTNmMDk5MjAxNDY2YTp7Il9hdXRoX3VzZXJfYmFja2VuZCI6ImRqYW5nby5jb250cmliLmF1dGguYmFja2VuZHMuTW9kZWxCYWNrZW5kIiwiX2F1dGhfdXNlcl9pZCI6MX0="}}, {"pk": 1, "model": "sites.site", "fields": {"domain": "example.com", "name": "example.com"}}, {"pk": 1, "model": "south.migrationhistory", "fields": {"applied": "2014-06-08T16:03:45.606Z", "app_name": "django_extensions", "migration": "0001_empty"}}, {"pk": 1, "model": "categories.category", "fields": {"rght": 36, "name": "Counter-Strike", "parent": null, "level": 0, "lft": 1, "game": 1, "tree_id": 1, "thumb": "category_images/None/no-image.jpg"}}, {"pk": 2, "model": "categories.category", "fields": {"rght": 21, "name": "Map", "parent": 1, "level": 1, "lft": 12, "game": 1, "tree_id": 1, "thumb": "category_images/None/no-image.jpg"}}, {"pk": 3, "model": "categories.category", "fields": {"rght": 14, "name": "Dust 2", "parent": 2, "level": 2, "lft": 13, "game": null, "tree_id": 1, "thumb": "category_images/d2.png"}}, {"pk": 4, "model": "categories.category", "fields": {"rght": 16, "name": "Inferno", "parent": 2, "level": 2, "lft": 15, "game": null, "tree_id": 1, "thumb": "category_images/inferno.png"}}, {"pk": 5, "model": "categories.category", "fields": {"rght": 18, "name": "Mirage", "parent": 2, "level": 2, "lft": 17, "game": null, "tree_id": 1, "thumb": "category_images/mirage.png"}}, {"pk": 6, "model": "categories.category", "fields": {"rght": 20, "name": "Nuke", "parent": 2, "level": 2, "lft": 19, "game": null, "tree_id": 1, "thumb": "category_images/nuke.png"}}, {"pk": 7, "model": "categories.category", "fields": {"rght": 11, "name": "Guns", "parent": 1, "level": 1, "lft": 2, "game": null, "tree_id": 1, "thumb": "category_images/None/no-image.jpg"}}, {"pk": 8, "model": "categories.category", "fields": {"rght": 4, "name": "AWP", "parent": 7, "level": 2, "lft": 3, "game": null, "tree_id": 1, "thumb": "category_images/snipes.png"}}, {"pk": 9, "model": "categories.category", "fields": {"rght": 8, "name": "Rifles", "parent": 7, "level": 2, "lft": 7, "game": null, "tree_id": 1, "thumb": "category_images/rifles.png"}}, {"pk": 10, "model": "categories.category", "fields": {"rght": 10, "name": "SMG", "parent": 7, "level": 2, "lft": 9, "game": null, "tree_id": 1, "thumb": "category_images/smgs.png"}}, {"pk": 11, "model": "categories.category", "fields": {"rght": 35, "name": "Team", "parent": 1, "level": 1, "lft": 30, "game": null, "tree_id": 1, "thumb": "category_images/None/no-image.jpg"}}, {"pk": 12, "model": "categories.category", "fields": {"rght": 34, "name": "T", "parent": 11, "level": 2, "lft": 33, "game": null, "tree_id": 1, "thumb": "category_images/T.png"}}, {"pk": 13, "model": "categories.category", "fields": {"rght": 32, "name": "CT", "parent": 11, "level": 2, "lft": 31, "game": null, "tree_id": 1, "thumb": "category_images/CT.png"}}, {"pk": 14, "model": "categories.category", "fields": {"rght": 29, "name": "Mechanics", "parent": 1, "level": 1, "lft": 22, "game": null, "tree_id": 1, "thumb": "category_images/None/no-image.jpg"}}, {"pk": 15, "model": "categories.category", "fields": {"rght": 28, "name": "Smokes", "parent": 14, "level": 2, "lft": 27, "game": null, "tree_id": 1, "thumb": "category_images/None/no-image.jpg"}}, {"pk": 16, "model": "categories.category", "fields": {"rght": 26, "name": "Flash", "parent": 14, "level": 2, "lft": 25, "game": null, "tree_id": 1, "thumb": "category_images/None/no-image.jpg"}}, {"pk": 17, "model": "categories.category", "fields": {"rght": 24, "name": "Aim", "parent": 14, "level": 2, "lft": 23, "game": null, "tree_id": 1, "thumb": "category_images/None/no-image.jpg"}}, {"pk": 18, "model": "categories.category", "fields": {"rght": 6, "name": "Pistols", "parent": 7, "level": 2, "lft": 5, "game": null, "tree_id": 1, "thumb": "category_images/None/no-image.jpg"}}, {"pk": 1, "model": "contributors.contributor", "fields": {"bio": "ibuypower player Sam", "account": 3}}, {"pk": 2, "model": "contributors.contributor", "fields": {"bio": "used to put towel over his keyboard", "account": 5}}, {"pk": 3, "model": "contributors.contributor", "fields": {"bio": "awp extraordinaire", "account": 6}}, {"pk": 4, "model": "contributors.contributor", "fields": {"bio": "netcode founder", "account": 7}}, {"pk": 5, "model": "contributors.contributor", "fields": {"bio": "Lucky from netcode", "account": 8}}, {"pk": 6, "model": "contributors.contributor", "fields": {"bio": "dboorn of open equal free", "account": 9}}, {"pk": 1, "model": "games.game", "fields": {"name": "Counter-Strike", "official_site": "http://www.valve.com/"}}, {"pk": 1, "model": "guides.guide", "fields": {"name": "smoke t ramp", "video": "https://vimeo.com/87312534", "hit_count": 0, "contributor": 1, "categories": [4, 15, 13], "description": "Smoke off t ramp from ct spawn"}}, {"pk": 2, "model": "guides.guide", "fields": {"name": "smoke b tunnel", "video": "https://vimeo.com/87312534", "hit_count": 0, "contributor": 4, "categories": [3, 15, 13], "description": "smoke b tunnel off so you can get on platform"}}, {"pk": 3, "model": "guides.guide", "fields": {"name": "smoke mid", "video": "https://vimeo.com/87312534", "hit_count": 0, "contributor": 4, "categories": [3, 15, 13], "description": "smoke mid as ct"}}, {"pk": 4, "model": "guides.guide", "fields": {"name": "AWP Mid", "video": "https://vimeo.com/87312534", "hit_count": 0, "contributor": 3, "categories": [8, 3, 12], "description": "How to pick mid, make shots & not get picked"}}, {"pk": 5, "model": "guides.guide", "fields": {"name": "recoil", "video": "https://vimeo.com/87312534", "hit_count": 0, "contributor": 1, "categories": [9], "description": "spray an ak"}}, {"pk": 6, "model": "guides.guide", "fields": {"name": "SCAR20 Gun Guide", "video": "https://vimeo.com/87312534", "hit_count": 0, "contributor": 5, "categories": [9, 17], "description": "auto sniper rules"}}, {"pk": 7, "model": "guides.guide", "fields": {"name": "CZ57 Gun Guide", "video": "https://vimeo.com/87312534", "hit_count": 0, "contributor": 5, "categories": [18], "description": "pistol is really good"}}, {"pk": 8, "model": "guides.guide", "fields": {"name": "A Site take", "video": "https://vimeo.com/87312534", "hit_count": 0, "contributor": 4, "categories": [3, 12], "description": "how to take site & drop spawn"}}, {"pk": 9, "model": "guides.guide", "fields": {"name": "push lower", "video": "https://vimeo.com/87312534", "hit_count": 0, "contributor": 6, "categories": [3, 13], "description": "aggressive push to take tunnels"}}, {"pk": 10, "model": "guides.guide", "fields": {"name": "smoke window", "video": "https://vimeo.com/87312534", "hit_count": 0, "contributor": 1, "categories": [5, 15, 12], "description": "how to smoke window from t spawn"}}, {"pk": 11, "model": "guides.guide", "fields": {"name": "smoke connecter", "video": "https://vimeo.com/87312534", "hit_count": 0, "contributor": 1, "categories": [5, 15, 12], "description": "smoke connecter from t spawn"}}, {"pk": 12, "model": "guides.guide", "fields": {"name": "b split", "video": "https://vimeo.com/87312534", "hit_count": 0, "contributor": 1, "categories": [5, 12], "description": "take b splitting cat & halls"}}, {"pk": 1, "model": "auth.permission", "fields": {"codename": "add_permission", "name": "Can add permission", "content_type": 1}}, {"pk": 2, "model": "auth.permission", "fields": {"codename": "change_permission", "name": "Can change permission", "content_type": 1}}, {"pk": 3, "model": "auth.permission", "fields": {"codename": "delete_permission", "name": "Can delete permission", "content_type": 1}}, {"pk": 4, "model": "auth.permission", "fields": {"codename": "add_group", "name": "Can add group", "content_type": 2}}, {"pk": 5, "model": "auth.permission", "fields": {"codename": "change_group", "name": "Can change group", "content_type": 2}}, {"pk": 6, "model": "auth.permission", "fields": {"codename": "delete_group", "name": "Can delete group", "content_type": 2}}, {"pk": 7, "model": "auth.permission", "fields": {"codename": "add_user", "name": "Can add user", "content_type": 3}}, {"pk": 8, "model": "auth.permission", "fields": {"codename": "change_user", "name": "Can change user", "content_type": 3}}, {"pk": 9, "model": "auth.permission", "fields": {"codename": "delete_user", "name": "Can delete user", "content_type": 3}}, {"pk": 10, "model": "auth.permission", "fields": {"codename": "add_contenttype", "name": "Can add content type", "content_type": 4}}, {"pk": 11, "model": "auth.permission", "fields": {"codename": "change_contenttype", "name": "Can change content type", "content_type": 4}}, {"pk": 12, "model": "auth.permission", "fields": {"codename": "delete_contenttype", "name": "Can delete content type", "content_type": 4}}, {"pk": 13, "model": "auth.permission", "fields": {"codename": "add_session", "name": "Can add session", "content_type": 5}}, {"pk": 14, "model": "auth.permission", "fields": {"codename": "change_session", "name": "Can change session", "content_type": 5}}, {"pk": 15, "model": "auth.permission", "fields": {"codename": "delete_session", "name": "Can delete session", "content_type": 5}}, {"pk": 16, "model": "auth.permission", "fields": {"codename": "add_site", "name": "Can add site", "content_type": 6}}, {"pk": 17, "model": "auth.permission", "fields": {"codename": "change_site", "name": "Can change site", "content_type": 6}}, {"pk": 18, "model": "auth.permission", "fields": {"codename": "delete_site", "name": "Can delete site", "content_type": 6}}, {"pk": 19, "model": "auth.permission", "fields": {"codename": "add_comment", "name": "Can add comment", "content_type": 7}}, {"pk": 20, "model": "auth.permission", "fields": {"codename": "change_comment", "name": "Can change comment", "content_type": 7}}, {"pk": 21, "model": "auth.permission", "fields": {"codename": "delete_comment", "name": "Can delete comment", "content_type": 7}}, {"pk": 22, "model": "auth.permission", "fields": {"codename": "can_moderate", "name": "Can moderate comments", "content_type": 7}}, {"pk": 23, "model": "auth.permission", "fields": {"codename": "add_commentflag", "name": "Can add comment flag", "content_type": 8}}, {"pk": 24, "model": "auth.permission", "fields": {"codename": "change_commentflag", "name": "Can change comment flag", "content_type": 8}}, {"pk": 25, "model": "auth.permission", "fields": {"codename": "delete_commentflag", "name": "Can delete comment flag", "content_type": 8}}, {"pk": 26, "model": "auth.permission", "fields": {"codename": "add_logentry", "name": "Can add log entry", "content_type": 9}}, {"pk": 27, "model": "auth.permission", "fields": {"codename": "change_logentry", "name": "Can change log entry", "content_type": 9}}, {"pk": 28, "model": "auth.permission", "fields": {"codename": "delete_logentry", "name": "Can delete log entry", "content_type": 9}}, {"pk": 29, "model": "auth.permission", "fields": {"codename": "add_migrationhistory", "name": "Can add migration history", "content_type": 10}}, {"pk": 30, "model": "auth.permission", "fields": {"codename": "change_migrationhistory", "name": "Can change migration history", "content_type": 10}}, {"pk": 31, "model": "auth.permission", "fields": {"codename": "delete_migrationhistory", "name": "Can delete migration history", "content_type": 10}}, {"pk": 32, "model": "auth.permission", "fields": {"codename": "add_account", "name": "Can add account", "content_type": 11}}, {"pk": 33, "model": "auth.permission", "fields": {"codename": "change_account", "name": "Can change account", "content_type": 11}}, {"pk": 34, "model": "auth.permission", "fields": {"codename": "delete_account", "name": "Can delete account", "content_type": 11}}, {"pk": 35, "model": "auth.permission", "fields": {"codename": "add_category", "name": "Can add category", "content_type": 12}}, {"pk": 36, "model": "auth.permission", "fields": {"codename": "change_category", "name": "Can change category", "content_type": 12}}, {"pk": 37, "model": "auth.permission", "fields": {"codename": "delete_category", "name": "Can delete category", "content_type": 12}}, {"pk": 38, "model": "auth.permission", "fields": {"codename": "add_contributor", "name": "Can add contributor", "content_type": 13}}, {"pk": 39, "model": "auth.permission", "fields": {"codename": "change_contributor", "name": "Can change contributor", "content_type": 13}}, {"pk": 40, "model": "auth.permission", "fields": {"codename": "delete_contributor", "name": "Can delete contributor", "content_type": 13}}, {"pk": 41, "model": "auth.permission", "fields": {"codename": "add_game", "name": "Can add game", "content_type": 14}}, {"pk": 42, "model": "auth.permission", "fields": {"codename": "change_game", "name": "Can change game", "content_type": 14}}, {"pk": 43, "model": "auth.permission", "fields": {"codename": "delete_game", "name": "Can delete game", "content_type": 14}}, {"pk": 44, "model": "auth.permission", "fields": {"codename": "add_guide", "name": "Can add guide", "content_type": 15}}, {"pk": 45, "model": "auth.permission", "fields": {"codename": "change_guide", "name": "Can change guide", "content_type": 15}}, {"pk": 46, "model": "auth.permission", "fields": {"codename": "delete_guide", "name": "Can delete guide", "content_type": 15}}, {"pk": 1, "model": "auth.user", "fields": {"username": "opensorcerer", "first_name": "", "last_name": "", "is_active": true, "is_superuser": true, "is_staff": true, "last_login": "2014-06-16T21:25:57.816Z", "groups": [], "user_permissions": [], "password": "pbkdf2_sha256$12000$ryKVoBAD1wL5$Zvi+3N73beGZjP5dFow2pTcgZMkOV6FjtIu6Rj2P7QA=", "email": "", "date_joined": "2014-06-08T16:03:31.519Z"}}, {"pk": 2, "model": "auth.user", "fields": {"username": "dazed", "first_name": "", "last_name": "", "is_active": true, "is_superuser": false, "is_staff": false, "last_login": "2014-06-08T16:47:30.858Z", "groups": [], "user_permissions": [], "password": "pbkdf2_sha256$12000$5zLCLgkVOGW7$BS+jD41JrXAVqLH1xQfqyJgKd0h9BaavrK+tnCePL9Q=", "email": "", "date_joined": "2014-06-08T16:47:30.858Z"}}, {"pk": 3, "model": "auth.user", "fields": {"username": "Dazed", "first_name": "", "last_name": "", "is_active": true, "is_superuser": false, "is_staff": false, "last_login": "2014-06-08T16:48:08.311Z", "groups": [], "user_permissions": [], "password": "pbkdf2_sha256$12000$teG5AIPKRuLM$LbiPRRqsnoLSIb1LorF9fCvYCZYtmmTw150LehRvH8I=", "email": "", "date_joined": "2014-06-08T16:48:08.311Z"}}, {"pk": 4, "model": "auth.user", "fields": {"username": "demoing", "first_name": "", "last_name": "", "is_active": true, "is_superuser": false, "is_staff": false, "last_login": "2014-06-08T16:48:52.982Z", "groups": [], "user_permissions": [], "password": "pbkdf2_sha256$12000$4R1zuNOZ7coL$Q2axuML9ClehLxJwbtXz05tStH+UNApLeG+yC6lgjyc=", "email": "", "date_joined": "2014-06-08T16:48:52.982Z"}}, {"pk": 5, "model": "auth.user", "fields": {"username": "n0thing", "first_name": "", "last_name": "", "is_active": true, "is_superuser": false, "is_staff": false, "last_login": "2014-06-08T16:49:40.682Z", "groups": [], "user_permissions": [], "password": "pbkdf2_sha256$12000$FFBddY7xM2vs$DpxMGNaJrs5yH5c3mHvKnfgJgnEwpHuk5A99seCXAXk=", "email": "", "date_joined": "2014-06-08T16:49:40.682Z"}}, {"pk": 6, "model": "auth.user", "fields": {"username": "Shahzam", "first_name": "", "last_name": "", "is_active": true, "is_superuser": false, "is_staff": false, "last_login": "2014-06-08T16:53:54.054Z", "groups": [], "user_permissions": [], "password": "pbkdf2_sha256$12000$HXJ4EZfK6WoQ$FpETHFZ4yX0iDii69lRyASALtWdnuj8gGputTVF4rHQ=", "email": "", "date_joined": "2014-06-08T16:53:54.054Z"}}, {"pk": 7, "model": "auth.user", "fields": {"username": "casey", "first_name": "", "last_name": "", "is_active": true, "is_superuser": false, "is_staff": false, "last_login": "2014-06-08T16:56:15.423Z", "groups": [], "user_permissions": [], "password": "pbkdf2_sha256$12000$bNR9cZF9Q86c$3NdPRO8t88wRb/W3OVzQfEZIwJ2lhZz1aIjbwXkmSCo=", "email": "", "date_joined": "2014-06-08T16:56:15.423Z"}}, {"pk": 8, "model": "auth.user", "fields": {"username": "Lucky", "first_name": "", "last_name": "", "is_active": true, "is_superuser": false, "is_staff": false, "last_login": "2014-06-08T17:23:21.762Z", "groups": [], "user_permissions": [], "password": "pbkdf2_sha256$12000$8SGWmHjd6iFY$Im2OnBL3n2dbClrJBjHV+DtB8jUxd/Qt1yiitp3rVx4=", "email": "", "date_joined": "2014-06-08T17:23:21.762Z"}}, {"pk": 9, "model": "auth.user", "fields": {"username": "dboorN", "first_name": "", "last_name": "", "is_active": true, "is_superuser": false, "is_staff": false, "last_login": "2014-06-08T17:24:18.630Z", "groups": [], "user_permissions": [], "password": "pbkdf2_sha256$12000$WJ0SIeMAgMp2$pxMJP/nh5v3hIa3Um11NocONNsPM1Ab1e1i+ZUGTKoc=", "email": "", "date_joined": "2014-06-08T17:24:18.630Z"}}, {"pk": 1, "model": "admin.logentry", "fields": {"action_flag": 1, "action_time": "2014-06-08T16:06:19.931Z", "object_repr": "Counter-Strike", "object_id": "1", "change_message": "", "user": 1, "content_type": 14}}, {"pk": 2, "model": "admin.logentry", "fields": {"action_flag": 1, "action_time": "2014-06-08T16:06:30.168Z", "object_repr": "Counter-Strike", "object_id": "1", "change_message": "", "user": 1, "content_type": 12}}, {"pk": 3, "model": "admin.logentry", "fields": {"action_flag": 1, "action_time": "2014-06-08T16:07:08.433Z", "object_repr": "Counter-Strike >> Map", "object_id": "2", "change_message": "", "user": 1, "content_type": 12}}, {"pk": 4, "model": "admin.logentry", "fields": {"action_flag": 1, "action_time": "2014-06-08T16:07:57.121Z", "object_repr": "Counter-Strike >> Map >> Dust 2", "object_id": "3", "change_message": "", "user": 1, "content_type": 12}}, {"pk": 5, "model": "admin.logentry", "fields": {"action_flag": 1, "action_time": "2014-06-08T16:08:22.257Z", "object_repr": "Counter-Strike >> Map >> Inferno", "object_id": "4", "change_message": "", "user": 1, "content_type": 12}}, {"pk": 6, "model": "admin.logentry", "fields": {"action_flag": 1, "action_time": "2014-06-08T16:08:39.453Z", "object_repr": "Counter-Strike >> Map >> Mirage", "object_id": "5", "change_message": "", "user": 1, "content_type": 12}}, {"pk": 7, "model": "admin.logentry", "fields": {"action_flag": 1, "action_time": "2014-06-08T16:08:56.472Z", "object_repr": "Counter-Strike >> Map >> Nuke", "object_id": "6", "change_message": "", "user": 1, "content_type": 12}}, {"pk": 8, "model": "admin.logentry", "fields": {"action_flag": 1, "action_time": "2014-06-08T16:09:28.400Z", "object_repr": "Counter-Strike >> Guns", "object_id": "7", "change_message": "", "user": 1, "content_type": 12}}, {"pk": 9, "model": "admin.logentry", "fields": {"action_flag": 1, "action_time": "2014-06-08T16:09:46.962Z", "object_repr": "Counter-Strike >> Guns >> AWP", "object_id": "8", "change_message": "", "user": 1, "content_type": 12}}, {"pk": 10, "model": "admin.logentry", "fields": {"action_flag": 1, "action_time": "2014-06-08T16:10:03.104Z", "object_repr": "Counter-Strike >> Guns >> Rifles", "object_id": "9", "change_message": "", "user": 1, "content_type": 12}}, {"pk": 11, "model": "admin.logentry", "fields": {"action_flag": 1, "action_time": "2014-06-08T16:10:16.042Z", "object_repr": "Counter-Strike >> Guns >> SMG", "object_id": "10", "change_message": "", "user": 1, "content_type": 12}}, {"pk": 12, "model": "admin.logentry", "fields": {"action_flag": 1, "action_time": "2014-06-08T16:47:30.990Z", "object_repr": "dazed", "object_id": "2", "change_message": "", "user": 1, "content_type": 3}}, {"pk": 13, "model": "admin.logentry", "fields": {"action_flag": 1, "action_time": "2014-06-08T16:48:08.422Z", "object_repr": "Dazed", "object_id": "3", "change_message": "", "user": 1, "content_type": 3}}, {"pk": 14, "model": "admin.logentry", "fields": {"action_flag": 1, "action_time": "2014-06-08T16:48:53.083Z", "object_repr": "demoing", "object_id": "4", "change_message": "", "user": 1, "content_type": 3}}, {"pk": 15, "model": "admin.logentry", "fields": {"action_flag": 1, "action_time": "2014-06-08T16:49:40.787Z", "object_repr": "n0thing", "object_id": "5", "change_message": "", "user": 1, "content_type": 3}}, {"pk": 16, "model": "admin.logentry", "fields": {"action_flag": 1, "action_time": "2014-06-08T16:53:54.159Z", "object_repr": "Shahzam", "object_id": "6", "change_message": "", "user": 1, "content_type": 3}}, {"pk": 17, "model": "admin.logentry", "fields": {"action_flag": 1, "action_time": "2014-06-08T16:56:15.522Z", "object_repr": "casey", "object_id": "7", "change_message": "", "user": 1, "content_type": 3}}, {"pk": 18, "model": "admin.logentry", "fields": {"action_flag": 1, "action_time": "2014-06-08T16:58:03.360Z", "object_repr": "Profile of user: Dazed", "object_id": "1", "change_message": "", "user": 1, "content_type": 13}}, {"pk": 19, "model": "admin.logentry", "fields": {"action_flag": 1, "action_time": "2014-06-08T16:58:33.250Z", "object_repr": "Profile of user: n0thing", "object_id": "2", "change_message": "", "user": 1, "content_type": 13}}, {"pk": 20, "model": "admin.logentry", "fields": {"action_flag": 1, "action_time": "2014-06-08T16:58:44.543Z", "object_repr": "Profile of user: Shahzam", "object_id": "3", "change_message": "", "user": 1, "content_type": 13}}, {"pk": 21, "model": "admin.logentry", "fields": {"action_flag": 1, "action_time": "2014-06-08T16:59:01.900Z", "object_repr": "Profile of user: casey", "object_id": "4", "change_message": "", "user": 1, "content_type": 13}}, {"pk": 22, "model": "admin.logentry", "fields": {"action_flag": 1, "action_time": "2014-06-08T17:00:30.937Z", "object_repr": "smoke t ramp", "object_id": "1", "change_message": "", "user": 1, "content_type": 15}}, {"pk": 23, "model": "admin.logentry", "fields": {"action_flag": 1, "action_time": "2014-06-08T17:07:03.957Z", "object_repr": "Counter-Strike >> Team", "object_id": "11", "change_message": "", "user": 1, "content_type": 12}}, {"pk": 24, "model": "admin.logentry", "fields": {"action_flag": 1, "action_time": "2014-06-08T17:09:07.689Z", "object_repr": "Counter-Strike >> Team >> T", "object_id": "12", "change_message": "", "user": 1, "content_type": 12}}, {"pk": 25, "model": "admin.logentry", "fields": {"action_flag": 1, "action_time": "2014-06-08T17:09:18.200Z", "object_repr": "Counter-Strike >> Team >> CT", "object_id": "13", "change_message": "", "user": 1, "content_type": 12}}, {"pk": 26, "model": "admin.logentry", "fields": {"action_flag": 1, "action_time": "2014-06-08T17:09:37.585Z", "object_repr": "Counter-Strike >> Mechanics", "object_id": "14", "change_message": "", "user": 1, "content_type": 12}}, {"pk": 27, "model": "admin.logentry", "fields": {"action_flag": 1, "action_time": "2014-06-08T17:09:58.338Z", "object_repr": "Counter-Strike >> Mechanics >> Smokes", "object_id": "15", "change_message": "", "user": 1, "content_type": 12}}, {"pk": 28, "model": "admin.logentry", "fields": {"action_flag": 1, "action_time": "2014-06-08T17:10:07.449Z", "object_repr": "Counter-Strike >> Mechanics >> Flash", "object_id": "16", "change_message": "", "user": 1, "content_type": 12}}, {"pk": 29, "model": "admin.logentry", "fields": {"action_flag": 1, "action_time": "2014-06-08T17:10:25.243Z", "object_repr": "Counter-Strike >> Mechanics >> Aim", "object_id": "17", "change_message": "", "user": 1, "content_type": 12}}, {"pk": 30, "model": "admin.logentry", "fields": {"action_flag": 2, "action_time": "2014-06-08T17:11:58.994Z", "object_repr": "smoke t ramp", "object_id": "1", "change_message": "Changed categories.", "user": 1, "content_type": 15}}, {"pk": 31, "model": "admin.logentry", "fields": {"action_flag": 1, "action_time": "2014-06-08T17:12:50.764Z", "object_repr": "smoke b tunnel", "object_id": "2", "change_message": "", "user": 1, "content_type": 15}}, {"pk": 32, "model": "admin.logentry", "fields": {"action_flag": 1, "action_time": "2014-06-08T17:13:38.286Z", "object_repr": "smoke mid", "object_id": "3", "change_message": "", "user": 1, "content_type": 15}}, {"pk": 33, "model": "admin.logentry", "fields": {"action_flag": 1, "action_time": "2014-06-08T17:14:18.001Z", "object_repr": "AWP Mid", "object_id": "4", "change_message": "", "user": 1, "content_type": 15}}, {"pk": 34, "model": "admin.logentry", "fields": {"action_flag": 1, "action_time": "2014-06-08T17:14:44.884Z", "object_repr": "recoil", "object_id": "5", "change_message": "", "user": 1, "content_type": 15}}, {"pk": 35, "model": "admin.logentry", "fields": {"action_flag": 1, "action_time": "2014-06-08T17:23:21.862Z", "object_repr": "Lucky", "object_id": "8", "change_message": "", "user": 1, "content_type": 3}}, {"pk": 36, "model": "admin.logentry", "fields": {"action_flag": 1, "action_time": "2014-06-08T17:24:18.732Z", "object_repr": "dboorN", "object_id": "9", "change_message": "", "user": 1, "content_type": 3}}, {"pk": 37, "model": "admin.logentry", "fields": {"action_flag": 1, "action_time": "2014-06-08T17:25:56.061Z", "object_repr": "Profile of user: Lucky", "object_id": "5", "change_message": "", "user": 1, "content_type": 13}}, {"pk": 38, "model": "admin.logentry", "fields": {"action_flag": 1, "action_time": "2014-06-08T17:26:19.822Z", "object_repr": "SCAR20 Gun Guide", "object_id": "6", "change_message": "", "user": 1, "content_type": 15}}, {"pk": 39, "model": "admin.logentry", "fields": {"action_flag": 1, "action_time": "2014-06-08T17:27:13.782Z", "object_repr": "Counter-Strike >> Guns >> Pistols", "object_id": "18", "change_message": "", "user": 1, "content_type": 12}}, {"pk": 40, "model": "admin.logentry", "fields": {"action_flag": 1, "action_time": "2014-06-08T17:27:21.178Z", "object_repr": "CZ57 Gun Guide", "object_id": "7", "change_message": "", "user": 1, "content_type": 15}}, {"pk": 41, "model": "admin.logentry", "fields": {"action_flag": 1, "action_time": "2014-06-08T17:28:14.331Z", "object_repr": "A Site take", "object_id": "8", "change_message": "", "user": 1, "content_type": 15}}, {"pk": 42, "model": "admin.logentry", "fields": {"action_flag": 1, "action_time": "2014-06-08T17:29:50.408Z", "object_repr": "Profile of user: dboorN", "object_id": "6", "change_message": "", "user": 1, "content_type": 13}}, {"pk": 43, "model": "admin.logentry", "fields": {"action_flag": 1, "action_time": "2014-06-08T17:30:08.681Z", "object_repr": "push lower", "object_id": "9", "change_message": "", "user": 1, "content_type": 15}}, {"pk": 44, "model": "admin.logentry", "fields": {"action_flag": 1, "action_time": "2014-06-08T17:30:41.865Z", "object_repr": "smoke window", "object_id": "10", "change_message": "", "user": 1, "content_type": 15}}, {"pk": 45, "model": "admin.logentry", "fields": {"action_flag": 1, "action_time": "2014-06-08T17:31:15.872Z", "object_repr": "smoke connecter", "object_id": "11", "change_message": "", "user": 1, "content_type": 15}}, {"pk": 46, "model": "admin.logentry", "fields": {"action_flag": 1, "action_time": "2014-06-08T17:34:13.942Z", "object_repr": "b split", "object_id": "12", "change_message": "", "user": 1, "content_type": 15}}, {"pk": 1, "model": "accounts.account", "fields": {"is_premium": false, "steam_id": "", "summoner": "", "user": 1, "picture": "account_images/None/no-image.jpg"}}, {"pk": 2, "model": "accounts.account", "fields": {"is_premium": true, "steam_id": "", "summoner": "", "user": 2, "picture": "account_images/shazham.png"}}, {"pk": 3, "model": "accounts.account", "fields": {"is_premium": true, "steam_id": "", "summoner": "", "user": 3, "picture": "account_images/dazed.png"}}, {"pk": 4, "model": "accounts.account", "fields": {"is_premium": true, "steam_id": "", "summoner": "", "user": 4, "picture": "account_images/None/no-image.jpg"}}, {"pk": 5, "model": "accounts.account", "fields": {"is_premium": true, "steam_id": "", "summoner": "", "user": 5, "picture": "account_images/n0thing.png"}}, {"pk": 6, "model": "accounts.account", "fields": {"is_premium": true, "steam_id": "", "summoner": "", "user": 6, "picture": "account_images/shahzam.png"}}, {"pk": 7, "model": "accounts.account", "fields": {"is_premium": true, "steam_id": "", "summoner": "", "user": 7, "picture": "account_images/casey.png"}}, {"pk": 8, "model": "accounts.account", "fields": {"is_premium": true, "steam_id": "", "summoner": "", "user": 8, "picture": "account_images/lucky.png"}}, {"pk": 9, "model": "accounts.account", "fields": {"is_premium": true, "steam_id": "", "summoner": "", "user": 9, "picture": "account_images/dboorn.png"}}]